-- phpMyAdmin SQL Dump
-- version 5.2.1
-- https://www.phpmyadmin.net/
--
-- Host: 127.0.0.1
-- Generation Time: Dec 22, 2025 at 08:15 AM
-- Server version: 10.4.32-MariaDB
-- PHP Version: 8.2.12

SET SQL_MODE = "NO_AUTO_VALUE_ON_ZERO";
START TRANSACTION;
SET time_zone = "+00:00";


/*!40101 SET @OLD_CHARACTER_SET_CLIENT=@@CHARACTER_SET_CLIENT */;
/*!40101 SET @OLD_CHARACTER_SET_RESULTS=@@CHARACTER_SET_RESULTS */;
/*!40101 SET @OLD_COLLATION_CONNECTION=@@COLLATION_CONNECTION */;
/*!40101 SET NAMES utf8mb4 */;

--
-- Database: `survey_kepuasan_guru`
--

-- --------------------------------------------------------

--
-- Table structure for table `aspek_penilaian`
--

CREATE TABLE `aspek_penilaian` (
  `id` int(11) NOT NULL,
  `nama_aspek` varchar(100) NOT NULL,
  `urutan` int(11) NOT NULL
) ENGINE=InnoDB DEFAULT CHARSET=utf8mb4 COLLATE=utf8mb4_general_ci;

--
-- Dumping data for table `aspek_penilaian`
--

INSERT INTO `aspek_penilaian` (`id`, `nama_aspek`, `urutan`) VALUES
(1, 'Penguasaan Materi', 1),
(2, 'Metode Pembelajaran', 2),
(3, 'Kedisiplinan', 3),
(4, 'Komunikasi', 4),
(5, 'Motivasi dan Inspirasi', 5);

-- --------------------------------------------------------

--
-- Table structure for table `guru`
--

CREATE TABLE `guru` (
  `id` int(11) NOT NULL,
  `nip` varchar(50) NOT NULL,
  `nama_lengkap` varchar(150) NOT NULL,
  `foto` varchar(255) DEFAULT NULL,
  `user_id` int(11) DEFAULT NULL,
  `created_at` timestamp NOT NULL DEFAULT current_timestamp()
) ENGINE=InnoDB DEFAULT CHARSET=utf8mb4 COLLATE=utf8mb4_general_ci;

--
-- Dumping data for table `guru`
--

INSERT INTO `guru` (`id`, `nip`, `nama_lengkap`, `foto`, `user_id`, `created_at`) VALUES
(1, '1451768669130080', 'YONATA TELAUMBANUA, S.PD', NULL, 2, '2025-12-21 04:06:18'),
(2, '0056769670130083', 'DEDI PUTRA TELAUMBANUA, S.PD', NULL, 3, '2025-12-21 04:06:18'),
(3, '1534746650300020', 'MARSELINA MASARIA NDRURU, S.AG', NULL, 4, '2025-12-21 04:06:18'),
(4, '0549745647300052', 'DRA. KRISTIANI ZEBUA', NULL, 5, '2025-12-21 04:06:18'),
(5, '1834757663200000', 'BEATUS NDRURU, S.PD', NULL, 6, '2025-12-21 04:06:18'),
(6, '7247764666130150', 'ELIAMAN ZAI, S.PD', NULL, 7, '2025-12-21 04:06:18'),
(7, 'GTK001', 'NURIATI ZEGA, SH', NULL, 8, '2025-12-21 04:06:18'),
(8, '4042772673130070', 'DEWI JULI SULASTRI ZEGA, S.E', NULL, 9, '2025-12-21 04:06:18'),
(9, '2447764665230240', 'YARNIWATI SARUMAHA, S.PD.K', NULL, 10, '2025-12-21 04:06:18'),
(10, '7647767668130260', 'SOLIDARMAN JAYA MENDROFA, S.PD', NULL, 11, '2025-12-21 04:06:18'),
(11, '0447774675230053', 'CLARA NOVITA SABRINA, S.PD', NULL, 12, '2025-12-21 04:06:18'),
(12, 'GTK002', 'ERWIN JHOSEP CLARK  ZEBUA, A.MD.T', NULL, 13, '2025-12-21 04:06:18'),
(13, '9735775676230130', 'BERTHA TELAUMBANUA, S.PD', NULL, 14, '2025-12-21 04:06:18'),
(14, '2734777678230050', 'SRI RAHAYU TANJUNG, S.PD', NULL, 15, '2025-12-21 04:06:18'),
(15, '5762777678230050', 'HENY APRILIA TELAUMBANUA, S.PD', NULL, 16, '2025-12-21 04:06:18'),
(16, 'GTK003', 'NIGUENTS FALDES HULU, S.PD', NULL, 17, '2025-12-21 04:06:18');

-- --------------------------------------------------------

--
-- Table structure for table `kelas`
--

CREATE TABLE `kelas` (
  `id` int(11) NOT NULL,
  `nama_kelas` varchar(50) NOT NULL,
  `unit_sekolah_id` int(11) NOT NULL,
  `tingkat` int(11) NOT NULL,
  `created_at` timestamp NOT NULL DEFAULT current_timestamp()
) ENGINE=InnoDB DEFAULT CHARSET=utf8mb4 COLLATE=utf8mb4_general_ci;

--
-- Dumping data for table `kelas`
--

INSERT INTO `kelas` (`id`, `nama_kelas`, `unit_sekolah_id`, `tingkat`, `created_at`) VALUES
(1, 'IX-Albert Einstein', 1, 9, '2025-12-21 04:06:17'),
(2, 'IX-Aristoteles', 1, 9, '2025-12-21 04:06:17'),
(3, 'IX-Pythagoras', 1, 9, '2025-12-21 04:06:17'),
(4, 'VII-Alessandro Volta', 1, 7, '2025-12-21 04:06:17'),
(5, 'VII-Archimedes', 1, 7, '2025-12-21 04:06:17'),
(6, 'VII-Blaise Pascal', 1, 7, '2025-12-21 04:06:17'),
(7, 'VII-Gregor Mendel', 1, 7, '2025-12-21 04:06:17'),
(8, 'VIII-Alexsander Graham Bell', 1, 8, '2025-12-21 04:06:17'),
(9, 'VIII-Isaac Newton', 1, 8, '2025-12-21 04:06:17'),
(10, 'VIII-Thomas Alva Edison', 1, 8, '2025-12-21 04:06:17');

-- --------------------------------------------------------

--
-- Table structure for table `mata_pelajaran`
--

CREATE TABLE `mata_pelajaran` (
  `id` int(11) NOT NULL,
  `nama_mapel` varchar(100) NOT NULL,
  `created_at` timestamp NOT NULL DEFAULT current_timestamp()
) ENGINE=InnoDB DEFAULT CHARSET=utf8mb4 COLLATE=utf8mb4_general_ci;

--
-- Dumping data for table `mata_pelajaran`
--

INSERT INTO `mata_pelajaran` (`id`, `nama_mapel`, `created_at`) VALUES
(1, 'Agama Katolik', '2025-12-21 04:06:17'),
(2, 'Bahasa Indonesia', '2025-12-21 04:06:17'),
(3, 'Bahasa Inggris', '2025-12-21 04:06:17'),
(4, 'Ilmu Pengetahuan Alam', '2025-12-21 04:06:17'),
(5, 'Ilmu Pengetahuan Sosial', '2025-12-21 04:06:17'),
(6, 'Matematika', '2025-12-21 04:06:17'),
(7, 'PJOK', '2025-12-21 04:06:17'),
(8, 'PKn', '2025-12-21 04:06:17'),
(9, 'Pend. Agama Islam', '2025-12-21 04:06:17'),
(10, 'Pend. Agama Kristen', '2025-12-21 04:06:17'),
(11, 'TIK', '2025-12-21 04:06:17');

-- --------------------------------------------------------

--
-- Table structure for table `penugasan`
--

CREATE TABLE `penugasan` (
  `id` int(11) NOT NULL,
  `guru_id` int(11) NOT NULL,
  `kelas_id` int(11) NOT NULL,
  `mata_pelajaran_id` int(11) NOT NULL,
  `semester` varchar(20) NOT NULL,
  `created_at` timestamp NOT NULL DEFAULT current_timestamp()
) ENGINE=InnoDB DEFAULT CHARSET=utf8mb4 COLLATE=utf8mb4_general_ci;

--
-- Dumping data for table `penugasan`
--

INSERT INTO `penugasan` (`id`, `guru_id`, `kelas_id`, `mata_pelajaran_id`, `semester`, `created_at`) VALUES
(1, 15, 4, 2, '2025/2026-1', '2025-12-21 04:06:18'),
(2, 2, 8, 3, '2025/2026-1', '2025-12-21 04:06:18'),
(3, 7, 1, 8, '2025/2026-1', '2025-12-21 04:06:18'),
(4, 10, 10, 7, '2025/2026-1', '2025-12-21 04:06:18'),
(5, 9, 1, 10, '2025/2026-1', '2025-12-21 04:06:18'),
(6, 15, 8, 2, '2025/2026-1', '2025-12-21 04:06:18'),
(7, 3, 2, 1, '2025/2026-1', '2025-12-21 04:06:18'),
(8, 6, 5, 8, '2025/2026-1', '2025-12-21 04:06:18'),
(9, 12, 8, 11, '2025/2026-1', '2025-12-21 04:06:18'),
(10, 3, 6, 1, '2025/2026-1', '2025-12-21 04:06:18'),
(11, 5, 3, 5, '2025/2026-1', '2025-12-21 04:06:18'),
(12, 13, 1, 4, '2025/2026-1', '2025-12-21 04:06:18'),
(13, 6, 7, 8, '2025/2026-1', '2025-12-21 04:06:18'),
(14, 4, 9, 6, '2025/2026-1', '2025-12-21 04:06:18'),
(15, 12, 1, 11, '2025/2026-1', '2025-12-21 04:06:18'),
(16, 13, 3, 4, '2025/2026-1', '2025-12-21 04:06:18'),
(17, 15, 9, 2, '2025/2026-1', '2025-12-21 04:06:18'),
(18, 12, 3, 11, '2025/2026-1', '2025-12-21 04:06:18'),
(19, 6, 8, 8, '2025/2026-1', '2025-12-21 04:06:18'),
(20, 4, 10, 6, '2025/2026-1', '2025-12-21 04:06:18'),
(21, 10, 4, 7, '2025/2026-1', '2025-12-21 04:06:18'),
(22, 9, 8, 10, '2025/2026-1', '2025-12-21 04:06:18'),
(23, 16, 10, 3, '2025/2026-1', '2025-12-21 04:06:18'),
(24, 3, 9, 1, '2025/2026-1', '2025-12-21 04:06:18'),
(25, 7, 10, 8, '2025/2026-1', '2025-12-21 04:06:18'),
(26, 10, 6, 7, '2025/2026-1', '2025-12-21 04:06:18'),
(27, 9, 10, 10, '2025/2026-1', '2025-12-21 04:06:18'),
(28, 5, 6, 5, '2025/2026-1', '2025-12-21 04:06:18'),
(29, 8, 9, 11, '2025/2026-1', '2025-12-21 04:06:18'),
(30, 11, 7, 5, '2025/2026-1', '2025-12-21 04:06:18'),
(31, 12, 4, 11, '2025/2026-1', '2025-12-21 04:06:18'),
(32, 1, 3, 6, '2025/2026-1', '2025-12-21 04:06:18'),
(33, 14, 1, 9, '2025/2026-1', '2025-12-21 04:06:18'),
(34, 11, 9, 5, '2025/2026-1', '2025-12-21 04:06:18'),
(35, 5, 1, 5, '2025/2026-1', '2025-12-21 04:06:18'),
(36, 13, 10, 4, '2025/2026-1', '2025-12-21 04:06:18'),
(37, 1, 5, 6, '2025/2026-1', '2025-12-21 04:06:18'),
(38, 15, 5, 2, '2025/2026-1', '2025-12-21 04:06:18'),
(39, 4, 6, 6, '2025/2026-1', '2025-12-21 04:06:18'),
(40, 3, 3, 1, '2025/2026-1', '2025-12-21 04:06:18'),
(41, 15, 7, 2, '2025/2026-1', '2025-12-21 04:06:18'),
(42, 9, 4, 10, '2025/2026-1', '2025-12-21 04:06:18'),
(43, 6, 4, 8, '2025/2026-1', '2025-12-21 04:06:18'),
(44, 16, 6, 3, '2025/2026-1', '2025-12-21 04:06:18'),
(45, 4, 8, 6, '2025/2026-1', '2025-12-21 04:06:18'),
(46, 3, 5, 1, '2025/2026-1', '2025-12-21 04:06:18'),
(47, 9, 2, 10, '2025/2026-1', '2025-12-21 04:06:18'),
(48, 10, 2, 7, '2025/2026-1', '2025-12-21 04:06:18'),
(49, 9, 6, 10, '2025/2026-1', '2025-12-21 04:06:18'),
(50, 5, 2, 5, '2025/2026-1', '2025-12-21 04:06:18'),
(51, 6, 6, 8, '2025/2026-1', '2025-12-21 04:06:18'),
(52, 14, 4, 9, '2025/2026-1', '2025-12-21 04:06:18'),
(53, 13, 2, 4, '2025/2026-1', '2025-12-21 04:06:18'),
(54, 14, 8, 9, '2025/2026-1', '2025-12-21 04:06:18'),
(55, 11, 5, 5, '2025/2026-1', '2025-12-21 04:06:18'),
(56, 2, 1, 3, '2025/2026-1', '2025-12-21 04:06:18'),
(57, 10, 3, 7, '2025/2026-1', '2025-12-21 04:06:18'),
(58, 12, 2, 11, '2025/2026-1', '2025-12-21 04:06:18'),
(59, 15, 1, 2, '2025/2026-1', '2025-12-21 04:06:18'),
(60, 13, 4, 4, '2025/2026-1', '2025-12-21 04:06:18'),
(61, 12, 6, 11, '2025/2026-1', '2025-12-21 04:06:18'),
(62, 2, 3, 3, '2025/2026-1', '2025-12-21 04:06:18'),
(63, 10, 5, 7, '2025/2026-1', '2025-12-21 04:06:18'),
(64, 13, 8, 4, '2025/2026-1', '2025-12-21 04:06:18'),
(65, 9, 7, 10, '2025/2026-1', '2025-12-21 04:06:18'),
(66, 1, 1, 6, '2025/2026-1', '2025-12-21 04:06:18'),
(67, 16, 9, 3, '2025/2026-1', '2025-12-21 04:06:18'),
(68, 2, 5, 3, '2025/2026-1', '2025-12-21 04:06:18'),
(69, 3, 1, 1, '2025/2026-1', '2025-12-21 04:06:18'),
(70, 9, 9, 10, '2025/2026-1', '2025-12-21 04:06:18'),
(71, 10, 9, 7, '2025/2026-1', '2025-12-21 04:06:18'),
(72, 6, 2, 8, '2025/2026-1', '2025-12-21 04:06:18'),
(73, 13, 9, 4, '2025/2026-1', '2025-12-21 04:06:18'),
(74, 1, 4, 6, '2025/2026-1', '2025-12-21 04:06:18'),
(75, 15, 6, 2, '2025/2026-1', '2025-12-21 04:06:18'),
(76, 7, 3, 8, '2025/2026-1', '2025-12-21 04:06:18'),
(77, 10, 1, 7, '2025/2026-1', '2025-12-21 04:06:18'),
(78, 9, 3, 10, '2025/2026-1', '2025-12-21 04:06:18'),
(79, 15, 10, 2, '2025/2026-1', '2025-12-21 04:06:18'),
(80, 4, 7, 6, '2025/2026-1', '2025-12-21 04:06:18'),
(81, 9, 5, 10, '2025/2026-1', '2025-12-21 04:06:18'),
(82, 16, 7, 3, '2025/2026-1', '2025-12-21 04:06:18'),
(83, 6, 9, 8, '2025/2026-1', '2025-12-21 04:06:18'),
(84, 10, 7, 7, '2025/2026-1', '2025-12-21 04:06:18'),
(85, 11, 4, 5, '2025/2026-1', '2025-12-21 04:06:18'),
(86, 8, 10, 11, '2025/2026-1', '2025-12-21 04:06:18'),
(87, 11, 8, 5, '2025/2026-1', '2025-12-21 04:06:18'),
(88, 12, 5, 11, '2025/2026-1', '2025-12-21 04:06:18'),
(89, 2, 2, 3, '2025/2026-1', '2025-12-21 04:06:18'),
(90, 13, 7, 4, '2025/2026-1', '2025-12-21 04:06:18'),
(91, 11, 10, 5, '2025/2026-1', '2025-12-21 04:06:18'),
(92, 1, 2, 6, '2025/2026-1', '2025-12-21 04:06:18'),
(93, 10, 8, 7, '2025/2026-1', '2025-12-21 04:06:18'),
(94, 12, 7, 11, '2025/2026-1', '2025-12-21 04:06:18'),
(95, 2, 4, 3, '2025/2026-1', '2025-12-21 04:06:18'),
(96, 5, 7, 5, '2025/2026-1', '2025-12-22 06:17:26'),
(97, 5, 10, 5, '2025/2026-1', '2025-12-22 06:17:26'),
(98, 13, 5, 4, '2025/2026-1', '2025-12-22 06:17:26'),
(99, 11, 1, 5, '2025/2026-1', '2025-12-22 06:17:26'),
(100, 11, 2, 5, '2025/2026-1', '2025-12-22 06:17:26'),
(101, 11, 3, 5, '2025/2026-1', '2025-12-22 06:17:26'),
(102, 2, 6, 3, '2025/2026-1', '2025-12-22 06:17:26'),
(103, 2, 10, 3, '2025/2026-1', '2025-12-22 06:17:26'),
(104, 8, 5, 11, '2025/2026-1', '2025-12-22 06:17:26'),
(105, 8, 8, 11, '2025/2026-1', '2025-12-22 06:17:26'),
(106, 4, 4, 6, '2025/2026-1', '2025-12-22 06:17:26'),
(107, 6, 10, 8, '2025/2026-1', '2025-12-22 06:17:26'),
(108, 12, 9, 11, '2025/2026-1', '2025-12-22 06:17:26'),
(109, 12, 10, 11, '2025/2026-1', '2025-12-22 06:17:26'),
(110, 15, 2, 2, '2025/2026-1', '2025-12-22 06:17:26'),
(111, 3, 7, 1, '2025/2026-1', '2025-12-22 06:17:26'),
(112, 16, 1, 3, '2025/2026-1', '2025-12-22 06:17:26'),
(113, 16, 3, 3, '2025/2026-1', '2025-12-22 06:17:26'),
(114, 16, 4, 3, '2025/2026-1', '2025-12-22 06:17:26'),
(115, 16, 5, 3, '2025/2026-1', '2025-12-22 06:17:26'),
(116, 7, 4, 8, '2025/2026-1', '2025-12-22 06:17:26'),
(117, 7, 9, 8, '2025/2026-1', '2025-12-22 06:17:26'),
(118, 14, 3, 9, '2025/2026-1', '2025-12-22 06:17:26'),
(119, 14, 5, 9, '2025/2026-1', '2025-12-22 06:17:26'),
(120, 14, 6, 9, '2025/2026-1', '2025-12-22 06:17:26'),
(121, 1, 7, 6, '2025/2026-1', '2025-12-22 06:17:26'),
(122, 1, 8, 6, '2025/2026-1', '2025-12-22 06:17:26');

-- --------------------------------------------------------

--
-- Table structure for table `pertanyaan_survey`
--

CREATE TABLE `pertanyaan_survey` (
  `id` int(11) NOT NULL,
  `aspek_id` int(11) NOT NULL,
  `pertanyaan` text NOT NULL,
  `urutan` int(11) NOT NULL
) ENGINE=InnoDB DEFAULT CHARSET=utf8mb4 COLLATE=utf8mb4_general_ci;

--
-- Dumping data for table `pertanyaan_survey`
--

INSERT INTO `pertanyaan_survey` (`id`, `aspek_id`, `pertanyaan`, `urutan`) VALUES
(1, 1, 'Guru menjelaskan materi pelajaran dengan cara yang mudah saya pahami', 1),
(2, 1, 'Guru mampu menjawab pertanyaan siswa dengan jelas dan tidak membingungkan', 2),
(3, 1, 'Guru memberikan contoh nyata yang membantu saya memahami materi', 3),
(4, 1, 'Guru menguasai materi sehingga tidak perlu sering melihat buku saat mengajar', 4),
(5, 1, 'Guru dapat menghubungkan materi dengan pelajaran lain atau kehidupan sehari-hari', 5),
(6, 2, 'Guru menggunakan cara mengajar yang membuat saya tidak bosan di kelas', 6),
(7, 2, 'Guru memberikan kesempatan kepada siswa untuk bertanya dan berdiskusi', 7),
(8, 2, 'Guru menggunakan media pembelajaran (video, gambar, alat peraga) yang menarik', 8),
(9, 2, 'Guru memberikan tugas yang sesuai dengan kemampuan dan tidak terlalu memberatkan', 9),
(10, 2, 'Guru mendorong siswa untuk berpikir kritis dan tidak hanya menghafal', 10),
(11, 3, 'Guru datang tepat waktu dan tidak sering terlambat masuk kelas', 11),
(12, 3, 'Guru menggunakan waktu pelajaran dengan efektif dan tidak membuang-buang waktu', 12),
(13, 3, 'Guru memberikan nilai yang adil sesuai dengan usaha dan hasil kerja siswa', 13),
(14, 3, 'Guru konsisten dalam menegakkan peraturan kelas (tidak pilih kasih)', 14),
(15, 3, 'Guru menjadi contoh yang baik dalam hal kedisiplinan dan tanggung jawab', 15),
(16, 4, 'Guru berbicara dengan bahasa yang sopan dan menghargai perasaan siswa', 16),
(17, 4, 'Guru mau mendengarkan pendapat atau keluhan siswa dengan baik', 17),
(18, 4, 'Guru memberikan pujian ketika siswa berhasil dan kritik yang membangun ketika salah', 18),
(19, 4, 'Guru menciptakan suasana kelas yang nyaman sehingga siswa berani bertanya', 19),
(20, 4, 'Guru peduli dengan perkembangan belajar siswa secara individu', 20),
(21, 5, 'Guru memotivasi siswa untuk terus belajar meskipun menghadapi kesulitan', 21),
(22, 5, 'Guru menunjukkan antusiasme dan semangat saat mengajar', 22),
(23, 5, 'Guru memberikan apresiasi terhadap usaha dan kemajuan siswa', 23),
(24, 5, 'Guru menginspirasi siswa untuk memiliki cita-cita dan meraih masa depan yang lebih baik', 24),
(25, 5, 'Guru membantu siswa percaya pada kemampuan diri sendiri', 25);

-- --------------------------------------------------------

--
-- Table structure for table `semester`
--

CREATE TABLE `semester` (
  `id` int(11) NOT NULL,
  `kode_semester` varchar(20) NOT NULL,
  `nama_semester` varchar(50) NOT NULL,
  `tahun_ajaran` varchar(20) NOT NULL,
  `is_aktif` tinyint(1) DEFAULT 0,
  `tanggal_mulai` date DEFAULT NULL,
  `tanggal_selesai` date DEFAULT NULL,
  `created_at` timestamp NOT NULL DEFAULT current_timestamp()
) ENGINE=InnoDB DEFAULT CHARSET=utf8mb4 COLLATE=utf8mb4_general_ci;

--
-- Dumping data for table `semester`
--

INSERT INTO `semester` (`id`, `kode_semester`, `nama_semester`, `tahun_ajaran`, `is_aktif`, `tanggal_mulai`, `tanggal_selesai`, `created_at`) VALUES
(1, '2024/2025-1', 'Semester 1 (Ganjil)', '2024/2025', 0, '2024-07-15', '2024-12-20', '2025-12-21 22:47:08'),
(2, '2024/2025-2', 'Semester 2 (Genap)', '2024/2025', 0, '2025-01-06', '2025-06-20', '2025-12-21 22:47:08'),
(3, '2025/2026-1', 'Semester 1 (Ganjil)', '2025/2026', 1, '2025-07-14', '2025-12-19', '2025-12-21 22:47:08');

-- --------------------------------------------------------

--
-- Table structure for table `siswa`
--

CREATE TABLE `siswa` (
  `id` int(11) NOT NULL,
  `nis` varchar(50) NOT NULL,
  `nama_lengkap` varchar(150) NOT NULL,
  `kelas_id` int(11) NOT NULL,
  `user_id` int(11) DEFAULT NULL,
  `created_at` timestamp NOT NULL DEFAULT current_timestamp()
) ENGINE=InnoDB DEFAULT CHARSET=utf8mb4 COLLATE=utf8mb4_general_ci;

--
-- Dumping data for table `siswa`
--

INSERT INTO `siswa` (`id`, `nis`, `nama_lengkap`, `kelas_id`, `user_id`, `created_at`) VALUES
(1, '6891', 'AGNIESKA PRISCILLA HAREFA', 4, 18, '2025-12-21 04:06:18'),
(2, '6893', 'ALDO FERMANTIAN PUTRA HALAWA', 4, 19, '2025-12-21 04:06:18'),
(3, '6895', 'ANDREAS WANDITO GEA', 4, 20, '2025-12-21 04:06:18'),
(4, '6899', 'ARLANDO TELAUMBANUA', 4, 21, '2025-12-21 04:06:18'),
(5, '6910', 'CHYNTIA EARLENE DAFIN HAREFA', 4, 22, '2025-12-21 04:06:18'),
(6, '6922', 'DIEGO RAFAEL MENDROFA', 4, 23, '2025-12-21 04:06:18'),
(7, '6927', 'ERNESTINE JULIAN MENDROFA', 4, 24, '2025-12-21 04:06:18'),
(8, '6940', 'GRACELLA SURATRI LAOWO', 4, 25, '2025-12-21 04:06:18'),
(9, '6944', 'HARVEY SENDRORO HULU', 4, 26, '2025-12-21 04:06:18'),
(10, '6946', 'HENDY KRISTIAN LAWOLO', 4, 27, '2025-12-21 04:06:18'),
(11, '6947', 'HIZKIA SEBASTIAN ZEBUA', 4, 28, '2025-12-21 04:06:18'),
(12, '6955', 'IRVAN GIAWA', 4, 29, '2025-12-21 04:06:18'),
(13, '6958', 'JEFRI KRISTIAN LAIA', 4, 30, '2025-12-21 04:06:18'),
(14, '6964', 'JONATHAN EBENEZER MENDROFA', 4, 31, '2025-12-21 04:06:18'),
(15, '6966', 'JULFAN TELAUMBANUA', 4, 32, '2025-12-21 04:06:18'),
(16, '6967', 'JULIANUS HULU', 4, 33, '2025-12-21 04:06:18'),
(17, '6968', 'JUSTIN LI LASE', 4, 34, '2025-12-21 04:06:18'),
(18, '6969', 'KALEB SEPTIAN JECONIA', 4, 35, '2025-12-21 04:06:18'),
(19, '6970', 'KEISHA FLORENCIA NDRAHA', 4, 36, '2025-12-21 04:06:18'),
(20, '6971', 'KEZIA FOUR RETRI LAHAGU', 4, 37, '2025-12-21 04:06:18'),
(21, '6972', 'LOVIS NEISA HURA', 4, 38, '2025-12-21 04:06:18'),
(22, '6973', 'MAGDALENA TELAUMBANUA', 4, 39, '2025-12-21 04:06:18'),
(23, '6974', 'MARCEL SAPUTRA TELAUMBANUA', 4, 40, '2025-12-21 04:06:18'),
(24, '6975', 'MARCELL ANGANDROWA LASE', 4, 41, '2025-12-21 04:06:18'),
(25, '6976', 'MARLON ANDREAS ZEGA', 4, 42, '2025-12-21 04:06:18'),
(26, '6981', 'MYCHAELA PRIANI MENDROFA', 4, 43, '2025-12-21 04:06:18'),
(27, '6983', 'NAOMI SONDRARA TELAUMBANUA', 4, 44, '2025-12-21 04:06:18'),
(28, '6986', 'ONIN PASKAH DAELI', 4, 45, '2025-12-21 04:06:18'),
(29, '6996', 'RAISA EVELYN LAOWO', 4, 46, '2025-12-21 04:06:18'),
(30, '7009', 'TRIAS ANDREW MENDROFA', 4, 47, '2025-12-21 04:06:18'),
(31, '7014', 'YARNI HIA', 4, 48, '2025-12-21 04:06:18'),
(32, '7017', 'YUSUF RONALD SIUS HULU', 4, 49, '2025-12-21 04:06:18'),
(33, '6897', 'ANGELLITA BAWAMENEWI', 5, 50, '2025-12-21 04:06:18'),
(34, '6901', 'AUREL TRI ANGGELICA MENDROFA', 5, 51, '2025-12-21 04:06:18'),
(35, '6909', 'CHRISTA JOVITA AYU GEA', 5, 52, '2025-12-21 04:06:18'),
(36, '6915', 'DARREL BRYAN\'SO ELFEGE HALAWA', 5, 53, '2025-12-21 04:06:18'),
(37, '6920', 'DEVAN TIMOTHY HAREFA', 5, 54, '2025-12-21 04:06:18'),
(38, '6924', 'DOMINIC DEANGELO ARVAND ZALUKHU', 5, 55, '2025-12-21 04:06:18'),
(39, '6926', 'ELLA SRI WAHYUNI ZEBUA', 5, 56, '2025-12-21 04:06:18'),
(40, '6931', 'FIRMAN JAYA ZALUKHU', 5, 57, '2025-12-21 04:06:18'),
(41, '6933', 'FRANSISKA MARCELLINA APRILIAN ZEBUA', 5, 58, '2025-12-21 04:06:18'),
(42, '6939', 'GRACE PUTRI DWI CLARA HALAWA', 5, 59, '2025-12-21 04:06:18'),
(43, '6941', 'GRACIA SHREEN STEVANYA MANAO', 5, 60, '2025-12-21 04:06:18'),
(44, '6943', 'HANIEL ZENDRATO', 5, 61, '2025-12-21 04:06:18'),
(45, '6945', 'HELEN FAGRI STEFANIE LAIA', 5, 62, '2025-12-21 04:06:18'),
(46, '6948', 'HIZKIA ZIOLOISIUS ARJUNA SIMANJUNTAK', 5, 63, '2025-12-21 04:06:18'),
(47, '6950', 'IMMANUEL STEFVEN SIHOMBING', 5, 64, '2025-12-21 04:06:18'),
(48, '6951', 'INTALIAN BU\'ULOLO', 5, 65, '2025-12-21 04:06:18'),
(49, '6953', 'IREN NOVITA LYNDA LASE', 5, 66, '2025-12-21 04:06:18'),
(50, '6954', 'IRFAN SEJUMAN HAREFA', 5, 67, '2025-12-21 04:06:18'),
(51, '6957', 'JEFRI ARON TEL', 5, 68, '2025-12-21 04:06:18'),
(52, '6962', 'JOEL DATAFATI TELAUMBANUA', 5, 69, '2025-12-21 04:06:18'),
(53, '6963', 'JOHAN PRASETTYO ZEBUA', 5, 70, '2025-12-21 04:06:18'),
(54, '6980', 'MOSES IRCHAN HAREFA', 5, 71, '2025-12-21 04:06:18'),
(55, '6990', 'PUTRA JUNI ZAI', 5, 72, '2025-12-21 04:06:18'),
(56, '6993', 'RAFAEL SEBASTIAN DAELI', 5, 73, '2025-12-21 04:06:18'),
(57, '6997', 'RAYMOND RIFALDO ZEBUA', 5, 74, '2025-12-21 04:06:18'),
(58, '7001', 'SAMUEL ANDRIAN ZEBUA', 5, 75, '2025-12-21 04:06:18'),
(59, '7006', 'TASYA INTAN NURANI GEA', 5, 76, '2025-12-21 04:06:18'),
(60, '7007', 'THEOFILUS KARUNIA ZAI', 5, 77, '2025-12-21 04:06:18'),
(61, '7010', 'VANSAMUEL TELAUMBANUA', 5, 78, '2025-12-21 04:06:18'),
(62, '7011', 'WANNIEL PUTRA DAMAI LASE', 5, 79, '2025-12-21 04:06:18'),
(63, '7013', 'YAKUB EMURI HALAWA', 5, 80, '2025-12-21 04:06:18'),
(64, '7015', 'YOHANES MARTIN GEA', 5, 81, '2025-12-21 04:06:18'),
(65, '7016', 'YUDIKA FERNANDO WARUWU', 5, 82, '2025-12-21 04:06:18'),
(66, '6888', 'ADELIA ANGELA LAOLI', 6, 83, '2025-12-21 04:06:18'),
(67, '6890', 'AERILYN BELVANIA GULO', 6, 84, '2025-12-21 04:06:18'),
(68, '6892', 'ALDEN CHRISTIAN ZEBUA', 6, 85, '2025-12-21 04:06:18'),
(69, '6894', 'ALFADER LI EDONADO LASE', 6, 86, '2025-12-21 04:06:18'),
(70, '6896', 'ANGEL ELPRIDA TELAUMBANUA', 6, 87, '2025-12-21 04:06:18'),
(71, '6900', 'ARYAN PUTRA LAFAU', 6, 88, '2025-12-21 04:06:18'),
(72, '6904', 'BENEDICTUS MARVEL TELAUMBANUA', 6, 89, '2025-12-21 04:06:18'),
(73, '6906', 'BRIAN SAVARDO MENDROFA', 6, 90, '2025-12-21 04:06:18'),
(74, '6907', 'CALISTA FELCIA LASE', 6, 91, '2025-12-21 04:06:18'),
(75, '6908', 'CELIA THALITA ZEBUA', 6, 92, '2025-12-21 04:06:18'),
(76, '6912', 'CLEARY GILBERT MOTARO GEA', 6, 93, '2025-12-21 04:06:18'),
(77, '6913', 'CLEVERIA ELENA LASE', 6, 94, '2025-12-21 04:06:18'),
(78, '6914', 'CONSTAN SION WARUWU', 6, 95, '2025-12-21 04:06:18'),
(79, '6916', 'DAUD OCTO LOI', 6, 96, '2025-12-21 04:06:18'),
(80, '6918', 'DEBORA LISTAFIANY', 6, 97, '2025-12-21 04:06:18'),
(81, '6919', 'DERMAWAN LAOLI', 6, 98, '2025-12-21 04:06:18'),
(82, '6921', 'DHAVID PUTRA SIHOMBING', 6, 99, '2025-12-21 04:06:18'),
(83, '6923', 'DIRGA WAHYUNIS GIAWA', 6, 100, '2025-12-21 04:06:18'),
(84, '6925', 'DOMINIKUS DANDHI PRIMUS NDRAHA', 6, 101, '2025-12-21 04:06:18'),
(85, '6928', 'ETGAR JOACHIM LASE', 6, 102, '2025-12-21 04:06:18'),
(86, '6929', 'EVIANA FAOMASI HALAWA', 6, 103, '2025-12-21 04:06:18'),
(87, '6930', 'FELICITOUS GUNAWAN GEA', 6, 104, '2025-12-21 04:06:18'),
(88, '6932', 'FLOREN BELIEF FOREVER GEA', 6, 105, '2025-12-21 04:06:18'),
(89, '6935', 'GERSON JUNIUS ZEBUA', 6, 106, '2025-12-21 04:06:18'),
(90, '6937', 'GIMEL AUDRELYA SIMANJUNTAK', 6, 107, '2025-12-21 04:06:18'),
(91, '6938', 'GODELVA HOLY BENEDICTA GEA', 6, 108, '2025-12-21 04:06:18'),
(92, '6960', 'JHOSUA MAYSARO LAOLI', 6, 109, '2025-12-21 04:06:18'),
(93, '6961', 'JOEL ASADEL TELAUMBANUA', 6, 110, '2025-12-21 04:06:18'),
(94, '6977', 'MARTA SELVIYANTI ZEBUA', 6, 111, '2025-12-21 04:06:18'),
(95, '6978', 'MARVEL KARUNIA LAIA', 6, 112, '2025-12-21 04:06:18'),
(96, '6987', 'OZORA FRODINE GONTARI HULU', 6, 113, '2025-12-21 04:06:18'),
(97, '6994', 'RAFFAEL TERUNA TRI PUTRA TELAUMBANUA', 6, 114, '2025-12-21 04:06:18'),
(98, '7004', 'SOLAI MIRACLE LASE', 6, 115, '2025-12-21 04:06:18'),
(99, '6889', 'AERILYN BELLVANIA LASE', 7, 116, '2025-12-21 04:06:18'),
(100, '6898', 'ANJELINA WARUWU', 7, 117, '2025-12-21 04:06:18'),
(101, '6902', 'AWAL SARO TELAUMBANUA', 7, 118, '2025-12-21 04:06:18'),
(102, '6903', 'AYRA KIRANA GUCI', 7, 119, '2025-12-21 04:06:18'),
(103, '6905', 'BERKAT HALAWA', 7, 120, '2025-12-21 04:06:18'),
(104, '6911', 'CLARISSA LAURETHA TELAUMBANUA', 7, 121, '2025-12-21 04:06:18'),
(105, '6917', 'DAVIDEZRA GAVRIEL ZEBUA', 7, 122, '2025-12-21 04:06:18'),
(106, '6934', 'GANDRIEL ALFARO MADUWU', 7, 123, '2025-12-21 04:06:18'),
(107, '6936', 'GILBERT RONEYVAN ZALUKHU', 7, 124, '2025-12-21 04:06:18'),
(108, '6942', 'HADRIYAN RAUF ZEGA', 7, 125, '2025-12-21 04:06:18'),
(109, '6949', 'IDA YANTI TELAUMBANUA', 7, 126, '2025-12-21 04:06:18'),
(110, '6952', 'INTAN PERMATASARI SARUMAHA', 7, 127, '2025-12-21 04:06:18'),
(111, '6956', 'JAN YUSTIN SOLOMASI TELAUMBANUA', 7, 128, '2025-12-21 04:06:18'),
(112, '6959', 'JESSICA FAERI NATHANIELA JAWANIS TELAUMBANUA', 7, 129, '2025-12-21 04:06:18'),
(113, '6965', 'JORDY ALEXANDER MATHEW ZAI', 7, 130, '2025-12-21 04:06:18'),
(114, '6979', 'MASA DERITA NDRURU', 7, 131, '2025-12-21 04:06:18'),
(115, '6982', 'NADIN EL CHASTIN GULO', 7, 132, '2025-12-21 04:06:18'),
(116, '6984', 'NATHANIELLA KEREN HAPUKH GULO', 7, 133, '2025-12-21 04:06:18'),
(117, '6985', 'NAYARA ADELIA', 7, 134, '2025-12-21 04:06:18'),
(118, '6988', 'PENERUS NDRURU', 7, 135, '2025-12-21 04:06:18'),
(119, '6989', 'PUTRA FURKAN GULO', 7, 136, '2025-12-21 04:06:18'),
(120, '6991', 'RAFAEL CALEB SARO ZEBUA', 7, 137, '2025-12-21 04:06:18'),
(121, '6992', 'RAFAEL IGNATIUS DAELY', 7, 138, '2025-12-21 04:06:18'),
(122, '6995', 'RAIH JORDY SOLALA ZEBUA', 7, 139, '2025-12-21 04:06:18'),
(123, '6998', 'RESPON PUSPA HOLY TELAUMBANUA', 7, 140, '2025-12-21 04:06:18'),
(124, '6999', 'RESTU IMAN LASE', 7, 141, '2025-12-21 04:06:18'),
(125, '7000', 'RUTH CLARA NDRURU', 7, 142, '2025-12-21 04:06:18'),
(126, '7002', 'SMARTVEL FERNANDO TELAUMBANUA', 7, 143, '2025-12-21 04:06:18'),
(127, '7003', 'SOGINOTO PUTRA HAREFA', 7, 144, '2025-12-21 04:06:18'),
(128, '7005', 'SURFAMAN TELAUMBANUA', 7, 145, '2025-12-21 04:06:18'),
(129, '7008', 'TRI DELA MAHARANI MENDROFA', 7, 146, '2025-12-21 04:06:18'),
(130, '7012', 'WILLIAM ARCARD ZEBUA', 7, 147, '2025-12-21 04:06:18'),
(131, '7018', 'ZESKIA NAYLA DINDA HULU', 7, 148, '2025-12-21 04:06:18'),
(132, '6807', 'ADLY EDHARLAN HAREFA', 8, 149, '2025-12-21 04:06:18'),
(133, '6809', 'ALDEN GEVAREL HAREFA', 8, 150, '2025-12-21 04:06:18'),
(134, '6887', 'ALEXIS STEVEN RAFAEL SITEPU', 8, 151, '2025-12-21 04:06:18'),
(135, '6815', 'ARDIN NDRURU', 8, 152, '2025-12-21 04:06:18'),
(136, '6817', 'ARSENIO HASARA GEA', 8, 153, '2025-12-21 04:06:18'),
(137, '6818', 'ARYAN DIANTARA TELAUMBANUA', 8, 154, '2025-12-21 04:06:18'),
(138, '6825', 'CHRISTINA JESICA DEWI GEA', 8, 155, '2025-12-21 04:06:18'),
(139, '6827', 'DEAN ISMAEL TELAUMBANUA', 8, 156, '2025-12-21 04:06:18'),
(140, '6828', 'DEBORA SELA FATEMALUO', 8, 157, '2025-12-21 04:06:18'),
(141, '6831', 'ELVA GRETA NATHANIA ZEBUA', 8, 158, '2025-12-21 04:06:18'),
(142, '6832', 'ERMON SARA ADVENTUS GEA', 8, 159, '2025-12-21 04:06:18'),
(143, '6834', 'FAREL WILMAN GEA', 8, 160, '2025-12-21 04:06:18'),
(144, '6838', 'GAVRA SATRIA TELAUMBANUA', 8, 161, '2025-12-21 04:06:18'),
(145, '6842', 'IVAN ANUGERAH LAIA', 8, 162, '2025-12-21 04:06:18'),
(146, '6846', 'JUANG EZRA AMEF DESIRE NDRURU', 8, 163, '2025-12-21 04:06:18'),
(147, '6849', 'KHARISMAN TEGUH LAOWO', 8, 164, '2025-12-21 04:06:18'),
(148, '6851', 'LAI FUTI SEHAO HULU', 8, 165, '2025-12-21 04:06:18'),
(149, '7020', 'MAGNALIA DEI TELAUMBANUA', 8, 166, '2025-12-21 04:06:18'),
(150, '6856', 'MOSES NOTATEMA MENDROFA', 8, 167, '2025-12-21 04:06:18'),
(151, '6857', 'NALVADI PERJUANGAN ZEBUA', 8, 168, '2025-12-21 04:06:18'),
(152, '6860', 'NISCAHYA ZEBUA', 8, 169, '2025-12-21 04:06:18'),
(153, '6861', 'OCTOFOUR LASONI GEA', 8, 170, '2025-12-21 04:06:18'),
(154, '6871', 'SANTONI DACHI', 8, 171, '2025-12-21 04:06:18'),
(155, '6874', 'SYLVIA CHRISTABEL MENDROFA', 8, 172, '2025-12-21 04:06:18'),
(156, '6876', 'VALDANIEL HAREFA', 8, 173, '2025-12-21 04:06:18'),
(157, '6878', 'YOSEPH JEFRINTO GULO', 8, 174, '2025-12-21 04:06:18'),
(158, '6808', 'AHMAD SYAHRUL RAMADHAN TANJUNG', 9, 175, '2025-12-21 04:06:18'),
(159, '6811', 'ALVARO JORDAN NOTATEMA HALAWA', 9, 176, '2025-12-21 04:06:18'),
(160, '6813', 'ANDI ELMAN JAYA TELAUMBANUA', 9, 177, '2025-12-21 04:06:18'),
(161, '6816', 'ARDIYANTO SOFIAN ZAMASI', 9, 178, '2025-12-21 04:06:18'),
(162, '6819', 'ASNIN FITRI GULO', 9, 179, '2025-12-21 04:06:18'),
(163, '6820', 'AXEL GRACIO PRATAMA HULU', 9, 180, '2025-12-21 04:06:18'),
(164, '6821', 'BELINDA ANGELIA BU\'ULOLO', 9, 181, '2025-12-21 04:06:18'),
(165, '6835', 'FEBRIANO LASE', 9, 182, '2025-12-21 04:06:18'),
(166, '6839', 'GISELLE RAISENDORO TELAUMBANUA', 9, 183, '2025-12-21 04:06:18'),
(167, '6840', 'HANSEL AURELIO BENAYA LAHAGU', 9, 184, '2025-12-21 04:06:18'),
(168, '6844', 'JOAB FREMONT UMBU HAREFA', 9, 185, '2025-12-21 04:06:18'),
(169, '6845', 'JORDAN NOTATEMA MENDROFA', 9, 186, '2025-12-21 04:06:18'),
(170, '6848', 'KEZIA NOVTHREE NIBELOIM HULU', 9, 187, '2025-12-21 04:06:18'),
(171, '6852', 'LI GRIZELDA ABIGAIL ZEBUA', 9, 188, '2025-12-21 04:06:18'),
(172, '6853', 'LIN DESTRY SAFYAH ZEGA', 9, 189, '2025-12-21 04:06:18'),
(173, '6854', 'MARIO TEGUH BATE\'E', 9, 190, '2025-12-21 04:06:18'),
(174, '6858', 'NELSI EVELYN OKTAVIANI HIA', 9, 191, '2025-12-21 04:06:18'),
(175, '6863', 'PRAYQUEEN GLORIN NIFILI TELAUMBANUA', 9, 192, '2025-12-21 04:06:18'),
(176, '6865', 'RADITYA TRY JUNIUS LAOLI', 9, 193, '2025-12-21 04:06:18'),
(177, '6866', 'RAINHEART DARNEL LASE', 9, 194, '2025-12-21 04:06:18'),
(178, '6868', 'REVIVAL EFATRA ZENDRATO', 9, 195, '2025-12-21 04:06:18'),
(179, '6869', 'RIZKY NOTATEMA GEA', 9, 196, '2025-12-21 04:06:18'),
(180, '6875', 'TEDUH EPRAFASH HULU', 9, 197, '2025-12-21 04:06:18'),
(181, '6877', 'YONKI PRATAMA ZEBUA', 9, 198, '2025-12-21 04:06:18'),
(182, '6880', 'ZAKY PRIADI ZIAWA', 9, 199, '2025-12-21 04:06:18'),
(183, '6806', 'ABDI SABARIL HAREFA', 10, 200, '2025-12-21 04:06:18'),
(184, '6810', 'ALMESTA ANGELIN TELAUMBANUA', 10, 201, '2025-12-21 04:06:18'),
(185, '6812', 'ANDEAS WILLKY BATEE', 10, 202, '2025-12-21 04:06:18'),
(186, '6814', 'ANUGRAH CHRISNATAN ZEBUA', 10, 203, '2025-12-21 04:06:18'),
(187, '6823', 'BRYAN TELAUMBANUA', 10, 204, '2025-12-21 04:06:18'),
(188, '7019', 'CANDRA EMANUEL LAOWO', 10, 205, '2025-12-21 04:06:18'),
(189, '6824', 'CHARSA TEGUH SOTUHENI MENDROFA', 10, 206, '2025-12-21 04:06:18'),
(190, '6826', 'DAMAI MARNELY TELAUMBANUA', 10, 207, '2025-12-21 04:06:18'),
(191, '6829', 'DELBERT RAMAELI ZEGA', 10, 208, '2025-12-21 04:06:18'),
(192, '6833', 'FAREL ADIPUTRA HULU', 10, 209, '2025-12-21 04:06:18'),
(193, '6836', 'FLOWER TALENTA NDRURU', 10, 210, '2025-12-21 04:06:18'),
(194, '6837', 'FRENGKI HIA', 10, 211, '2025-12-21 04:06:18'),
(195, '6841', 'HERIYANTO HALAWA', 10, 212, '2025-12-21 04:06:18'),
(196, '6843', 'JESSICA SARA ESTER NDRURU', 10, 213, '2025-12-21 04:06:18'),
(197, '6847', 'JUNIARMAN NOTATEMA LAOLI', 10, 214, '2025-12-21 04:06:18'),
(198, '6855', 'MARVEL PASKALIS ZEBUA', 10, 215, '2025-12-21 04:06:18'),
(199, '6859', 'NICO REYNARD ALFARO GULO', 10, 216, '2025-12-21 04:06:18'),
(200, '6862', 'OTNIEL GLENN SAOTA', 10, 217, '2025-12-21 04:06:18'),
(201, '6864', 'PRETTY ERTIN HAGA ZEBUA', 10, 218, '2025-12-21 04:06:18'),
(202, '6867', 'RENDY TRISWAN LASE', 10, 219, '2025-12-21 04:06:18'),
(203, '6870', 'RYFANDI YOSUA GEA', 10, 220, '2025-12-21 04:06:18'),
(204, '6872', 'SONA ANDHYKA PUTRA ZEBUA', 10, 221, '2025-12-21 04:06:18'),
(205, '6873', 'STEFANY GLORIA TAFONA\'O', 10, 222, '2025-12-21 04:06:18'),
(206, '6879', 'YOSSUA TEGAR PRATAMA MENDROFA', 10, 223, '2025-12-21 04:06:18'),
(207, '6710', 'AGNES GRACIA FANNY LAOLI', 1, 224, '2025-12-21 04:06:18'),
(208, '6713', 'ALBEST PEBRYAN HAREFA', 1, 225, '2025-12-21 04:06:18'),
(209, '6714', 'ALVINO YANUR DWA VUTRA', 1, 226, '2025-12-21 04:06:18'),
(210, '6716', 'ANDIKA CRISTIAN TELAUMBANUA', 1, 227, '2025-12-21 04:06:18'),
(211, '6718', 'AURA BLESS NDRAHA', 1, 228, '2025-12-21 04:06:18'),
(212, '6886', 'BEATRICE HAREFA', 1, 229, '2025-12-21 04:06:18'),
(213, '6722', 'BLESS CHRISTIAN FANEMAZISOKHI HALAWA', 1, 230, '2025-12-21 04:06:18'),
(214, '6724', 'CLARA NATASHA MENDROFA', 1, 231, '2025-12-21 04:06:18'),
(215, '6725', 'CLARENCE JEROLIN SANATA HAREFA', 1, 232, '2025-12-21 04:06:18'),
(216, '6730', 'DELANIA HOWU HOWU HULU', 1, 233, '2025-12-21 04:06:18'),
(217, '6736', 'GIOVANI PUTRI LOMBU', 1, 234, '2025-12-21 04:06:18'),
(218, '6738', 'GLEN HOWU HOWU ZEBUA', 1, 235, '2025-12-21 04:06:18'),
(219, '6739', 'GLORY CLAUDIA DARA LASE', 1, 236, '2025-12-21 04:06:18'),
(220, '6742', 'HELGA GRACELDA MENDROFA', 1, 237, '2025-12-21 04:06:18'),
(221, '6743', 'HIERONIMUS RIKHARD LENTERA NDRAHA', 1, 238, '2025-12-21 04:06:18'),
(222, '6744', 'HIZKIA DELASARO LAOLI', 1, 239, '2025-12-21 04:06:18'),
(223, '6748', 'JASTIN TEODALI HAREFA', 1, 240, '2025-12-21 04:06:18'),
(224, '6750', 'JESSYCA MARTALIA LAOWO', 1, 241, '2025-12-21 04:06:18'),
(225, '6751', 'JOCELYN TRIVINA MENDROFA', 1, 242, '2025-12-21 04:06:18'),
(226, '6757', 'LIVIA ANGELICA HALAWA', 1, 243, '2025-12-21 04:06:18'),
(227, '6762', 'NATLIE DELLA FAOMASI TELAUMBANUA', 1, 244, '2025-12-21 04:06:18'),
(228, '6764', 'ODELA CAHYANI ZEBUA', 1, 245, '2025-12-21 04:06:18'),
(229, '6768', 'PANDU ANUGERAH GEA', 1, 246, '2025-12-21 04:06:18'),
(230, '6770', 'PRICILLIA ENGELICA LAIA', 1, 247, '2025-12-21 04:06:18'),
(231, '6771', 'RAFLY ALFAZRI', 1, 248, '2025-12-21 04:06:18'),
(232, '6773', 'RIESNA YISKA SOLAI HAREFA', 1, 249, '2025-12-21 04:06:18'),
(233, '6775', 'RIWUNI GEOVANNI ZEBUA', 1, 250, '2025-12-21 04:06:18'),
(234, '6778', 'ROLAN BRIAN GUNAWAN GEA', 1, 251, '2025-12-21 04:06:18'),
(235, '6785', 'TEGAR IMANUEL TELAUMBANUA', 1, 252, '2025-12-21 04:06:18'),
(236, '6789', 'TWONO NOBUALA NDRURU', 1, 253, '2025-12-21 04:06:18'),
(237, '6791', 'WILLIE EXCEL SAMUEL BATE\'E', 1, 254, '2025-12-21 04:06:18'),
(238, '6712', 'ALBERT SANDIKA HAREFA', 2, 255, '2025-12-21 04:06:18'),
(239, '6717', 'ANGEL ZEVANIA ZEGA', 2, 256, '2025-12-21 04:06:18'),
(240, '6721', 'BINSAR WILLIAM HAREFA', 2, 257, '2025-12-21 04:06:18'),
(241, '6881', 'CHASTINE FEDORA GULO', 2, 258, '2025-12-21 04:06:18'),
(242, '6732', 'ELEAZAR MANDELA GEA', 2, 259, '2025-12-21 04:06:18'),
(243, '6734', 'EZRA SOLASO ZEBUA', 2, 260, '2025-12-21 04:06:18'),
(244, '6737', 'GITA DEBORA HAREFA', 2, 261, '2025-12-21 04:06:18'),
(245, '6740', 'GRACE DIAN PUTRI LASE', 2, 262, '2025-12-21 04:06:18'),
(246, '6803', 'JASWADI GEA', 2, 263, '2025-12-21 04:06:18'),
(247, '6749', 'JESSLYN VELDA DEVONA GEA', 2, 264, '2025-12-21 04:06:18'),
(248, '6753', 'JUSTIN YASARO GEA', 2, 265, '2025-12-21 04:06:18'),
(249, '6755', 'KEZIA NONIFILI HAREFA', 2, 266, '2025-12-21 04:06:18'),
(250, '6759', 'MIKHAEL HOWU-HOWU HAREFA', 2, 267, '2025-12-21 04:06:18'),
(251, '6761', 'MODESTUS ARNOV SEJAHTERA TELAUMBANUA', 2, 268, '2025-12-21 04:06:18'),
(252, '6765', 'OIN FADEL ZEBUA', 2, 269, '2025-12-21 04:06:18'),
(253, '6767', 'OPISERTIKA ZAI', 2, 270, '2025-12-21 04:06:18'),
(254, '6772', 'REVALINA JUITA GEA', 2, 271, '2025-12-21 04:06:18'),
(255, '6776', 'RIZKI SANGOFULO SARUMAHA', 2, 272, '2025-12-21 04:06:18'),
(256, '6779', 'ROSMAWATI TELAUMBANUA', 2, 273, '2025-12-21 04:06:18'),
(257, '6781', 'SHANDYANI LAFAU', 2, 274, '2025-12-21 04:06:18'),
(258, '6783', 'SRAVASTI DHAMIKA ZEBUA', 2, 275, '2025-12-21 04:06:18'),
(259, '6784', 'STEPHAN EMMANUEL SAMOLALA LASE', 2, 276, '2025-12-21 04:06:18'),
(260, '6787', 'TUTRI JUNIAR LAFAU', 2, 277, '2025-12-21 04:06:18'),
(261, '6788', 'TWONO NITEHE NDRURU', 2, 278, '2025-12-21 04:06:18'),
(262, '6792', 'WULAN ANGGREYANI SIAGIAN', 2, 279, '2025-12-21 04:06:18'),
(263, '6793', 'YARIDA WARUWU', 2, 280, '2025-12-21 04:06:18'),
(264, '6795', 'YARNI KASIH HIA', 2, 281, '2025-12-21 04:06:18'),
(265, '6711', 'AGNES SHERLY BERLIAN HULU', 3, 282, '2025-12-21 04:06:18'),
(266, '6715', 'AMEL PERMATA SARI TELAUMBANUA', 3, 283, '2025-12-21 04:06:18'),
(267, '6720', 'BEVAN NATHANIEL HAREFA', 3, 284, '2025-12-21 04:06:18'),
(268, '6723', 'CALVIN PUTRA JAYA ZAI', 3, 285, '2025-12-21 04:06:18'),
(269, '6726', 'DANIEL HENDRATA ZEBUA', 3, 286, '2025-12-21 04:06:18'),
(270, '6728', 'DAVID SIMEON LAOLI', 3, 287, '2025-12-21 04:06:18'),
(271, '6729', 'DEARNIFIKASIH GULO', 3, 288, '2025-12-21 04:06:18'),
(272, '6731', 'DEVER SYAH PUTRA HAREFA', 3, 289, '2025-12-21 04:06:18'),
(273, '6733', 'ERLAND LIONEL ALVARO HAREFA', 3, 290, '2025-12-21 04:06:18'),
(274, '6735', 'FADIL MARSUPAGDION NDRURU', 3, 291, '2025-12-21 04:06:18'),
(275, '6741', 'GUSRIDA LAWOLO', 3, 292, '2025-12-21 04:06:18'),
(276, '6745', 'IMEL FORPIN SARI BU\'ULOLO', 3, 293, '2025-12-21 04:06:18'),
(277, '6746', 'IRRA FIDELIA GIAWA', 3, 294, '2025-12-21 04:06:18'),
(278, '6752', 'JOSEP DAELI', 3, 295, '2025-12-21 04:06:18'),
(279, '7021', 'KARYAMAN TAFONAO', 3, 296, '2025-12-21 04:06:18'),
(280, '6754', 'KESYA EUNIKE HAREFA', 3, 297, '2025-12-21 04:06:18'),
(281, '6756', 'KRISNA LESTARI HALAWA', 3, 298, '2025-12-21 04:06:18'),
(282, '6758', 'MAKMUR ZEBUA', 3, 299, '2025-12-21 04:06:18'),
(283, '6760', 'MITCHELLIA GRYTA GEA', 3, 300, '2025-12-21 04:06:18'),
(284, '6763', 'NOEL EUKHARISTON HAREFA', 3, 301, '2025-12-21 04:06:18'),
(285, '6766', 'OKTAVIAN PURNAMA SARI NDRURU', 3, 302, '2025-12-21 04:06:18'),
(286, '6769', 'PRETTY INGGRID MARTHALIA ZALUKHU', 3, 303, '2025-12-21 04:06:18'),
(287, '6774', 'RINI JULYANA LASE', 3, 304, '2025-12-21 04:06:18'),
(288, '6777', 'ROBIN SONGLIDER HAREFA', 3, 305, '2025-12-21 04:06:18'),
(289, '6780', 'SERTA KRISTIAN JAYA GEA', 3, 306, '2025-12-21 04:06:18'),
(290, '6782', 'SINTA MISIRIA ZAI', 3, 307, '2025-12-21 04:06:18'),
(291, '6786', 'TRIMAN BENNY ZEBUA', 3, 308, '2025-12-21 04:06:18'),
(292, '6790', 'VERACITY PUTRI LOPTY MADANI ZEBUA', 3, 309, '2025-12-21 04:06:18'),
(293, '6794', 'YARNI JELITA ZEGA', 3, 310, '2025-12-21 04:06:18'),
(294, '6796', 'YOLANDA GRACE NDRURU', 3, 311, '2025-12-21 04:06:18');

-- --------------------------------------------------------

--
-- Table structure for table `survey_detail`
--

CREATE TABLE `survey_detail` (
  `id` int(11) NOT NULL,
  `survey_response_id` int(11) NOT NULL,
  `pertanyaan_id` int(11) NOT NULL,
  `nilai` int(11) NOT NULL CHECK (`nilai` between 1 and 5)
) ENGINE=InnoDB DEFAULT CHARSET=utf8mb4 COLLATE=utf8mb4_general_ci;

--
-- Dumping data for table `survey_detail`
--

INSERT INTO `survey_detail` (`id`, `survey_response_id`, `pertanyaan_id`, `nilai`) VALUES
(1401, 1, 1, 4),
(1402, 1, 2, 4),
(1403, 1, 3, 4),
(1404, 1, 4, 5),
(1405, 1, 5, 4),
(1406, 1, 6, 4),
(1407, 1, 7, 4),
(1408, 1, 8, 4),
(1409, 1, 9, 4),
(1410, 1, 10, 4),
(1411, 1, 11, 4),
(1412, 1, 12, 5),
(1413, 1, 13, 4),
(1414, 1, 14, 4),
(1415, 1, 15, 5),
(1416, 1, 16, 4),
(1417, 1, 17, 4),
(1418, 1, 18, 4),
(1419, 1, 19, 4),
(1420, 1, 20, 4),
(1421, 1, 21, 4),
(1422, 1, 22, 5),
(1423, 1, 23, 4),
(1424, 1, 24, 4),
(1425, 1, 25, 5),
(1426, 2, 1, 4),
(1427, 2, 2, 4),
(1428, 2, 3, 4),
(1429, 2, 4, 5),
(1430, 2, 5, 5),
(1431, 2, 6, 4),
(1432, 2, 7, 4),
(1433, 2, 8, 4),
(1434, 2, 9, 4),
(1435, 2, 10, 4),
(1436, 2, 11, 4),
(1437, 2, 12, 4),
(1438, 2, 13, 4),
(1439, 2, 14, 4),
(1440, 2, 15, 4),
(1441, 2, 16, 4),
(1442, 2, 17, 4),
(1443, 2, 18, 4),
(1444, 2, 19, 5),
(1445, 2, 20, 5),
(1446, 2, 21, 4),
(1447, 2, 22, 5),
(1448, 2, 23, 4),
(1449, 2, 24, 5),
(1450, 2, 25, 4),
(1451, 3, 1, 4),
(1452, 3, 2, 4),
(1453, 3, 3, 4),
(1454, 3, 4, 5),
(1455, 3, 5, 4),
(1456, 3, 6, 4),
(1457, 3, 7, 4),
(1458, 3, 8, 4),
(1459, 3, 9, 5),
(1460, 3, 10, 4),
(1461, 3, 11, 4),
(1462, 3, 12, 4),
(1463, 3, 13, 4),
(1464, 3, 14, 5),
(1465, 3, 15, 4),
(1466, 3, 16, 4),
(1467, 3, 17, 4),
(1468, 3, 18, 5),
(1469, 3, 19, 4),
(1470, 3, 20, 4),
(1471, 3, 21, 4),
(1472, 3, 22, 4),
(1473, 3, 23, 4),
(1474, 3, 24, 4),
(1475, 3, 25, 4),
(1476, 4, 1, 4),
(1477, 4, 2, 4),
(1478, 4, 3, 4),
(1479, 4, 4, 5),
(1480, 4, 5, 4),
(1481, 4, 6, 4),
(1482, 4, 7, 5),
(1483, 4, 8, 4),
(1484, 4, 9, 4),
(1485, 4, 10, 4),
(1486, 4, 11, 5),
(1487, 4, 12, 5),
(1488, 4, 13, 4),
(1489, 4, 14, 4),
(1490, 4, 15, 4),
(1491, 4, 16, 4),
(1492, 4, 17, 4),
(1493, 4, 18, 4),
(1494, 4, 19, 4),
(1495, 4, 20, 4),
(1496, 4, 21, 4),
(1497, 4, 22, 4),
(1498, 4, 23, 5),
(1499, 4, 24, 5),
(1500, 4, 25, 4),
(1501, 5, 1, 4),
(1502, 5, 2, 4),
(1503, 5, 3, 4),
(1504, 5, 4, 5),
(1505, 5, 5, 5),
(1506, 5, 6, 4),
(1507, 5, 7, 4),
(1508, 5, 8, 4),
(1509, 5, 9, 4),
(1510, 5, 10, 4),
(1511, 5, 11, 5),
(1512, 5, 12, 4),
(1513, 5, 13, 4),
(1514, 5, 14, 4),
(1515, 5, 15, 4),
(1516, 5, 16, 4),
(1517, 5, 17, 4),
(1518, 5, 18, 4),
(1519, 5, 19, 4),
(1520, 5, 20, 4),
(1521, 5, 21, 5),
(1522, 5, 22, 4),
(1523, 5, 23, 5),
(1524, 5, 24, 4),
(1525, 5, 25, 4),
(1526, 6, 1, 4),
(1527, 6, 2, 4),
(1528, 6, 3, 4),
(1529, 6, 4, 4),
(1530, 6, 5, 4),
(1531, 6, 6, 4),
(1532, 6, 7, 3),
(1533, 6, 8, 4),
(1534, 6, 9, 4),
(1535, 6, 10, 3),
(1536, 6, 11, 4),
(1537, 6, 12, 4),
(1538, 6, 13, 4),
(1539, 6, 14, 4),
(1540, 6, 15, 4),
(1541, 6, 16, 4),
(1542, 6, 17, 4),
(1543, 6, 18, 4),
(1544, 6, 19, 4),
(1545, 6, 20, 4),
(1546, 6, 21, 4),
(1547, 6, 22, 4),
(1548, 6, 23, 4),
(1549, 6, 24, 4),
(1550, 6, 25, 4),
(1551, 7, 1, 4),
(1552, 7, 2, 4),
(1553, 7, 3, 3),
(1554, 7, 4, 4),
(1555, 7, 5, 4),
(1556, 7, 6, 4),
(1557, 7, 7, 4),
(1558, 7, 8, 4),
(1559, 7, 9, 4),
(1560, 7, 10, 4),
(1561, 7, 11, 4),
(1562, 7, 12, 4),
(1563, 7, 13, 5),
(1564, 7, 14, 4),
(1565, 7, 15, 4),
(1566, 7, 16, 4),
(1567, 7, 17, 4),
(1568, 7, 18, 4),
(1569, 7, 19, 4),
(1570, 7, 20, 4),
(1571, 7, 21, 4),
(1572, 7, 22, 4),
(1573, 7, 23, 4),
(1574, 7, 24, 4),
(1575, 7, 25, 4),
(1576, 8, 1, 4),
(1577, 8, 2, 4),
(1578, 8, 3, 4),
(1579, 8, 4, 4),
(1580, 8, 5, 4),
(1581, 8, 6, 4),
(1582, 8, 7, 4),
(1583, 8, 8, 4),
(1584, 8, 9, 4),
(1585, 8, 10, 4),
(1586, 8, 11, 4),
(1587, 8, 12, 4),
(1588, 8, 13, 4),
(1589, 8, 14, 4),
(1590, 8, 15, 4),
(1591, 8, 16, 4),
(1592, 8, 17, 4),
(1593, 8, 18, 4),
(1594, 8, 19, 4),
(1595, 8, 20, 4),
(1596, 8, 21, 4),
(1597, 8, 22, 4),
(1598, 8, 23, 4),
(1599, 8, 24, 4),
(1600, 8, 25, 4),
(1601, 9, 1, 4),
(1602, 9, 2, 4),
(1603, 9, 3, 4),
(1604, 9, 4, 4),
(1605, 9, 5, 4),
(1606, 9, 6, 4),
(1607, 9, 7, 4),
(1608, 9, 8, 4),
(1609, 9, 9, 4),
(1610, 9, 10, 4),
(1611, 9, 11, 4),
(1612, 9, 12, 4),
(1613, 9, 13, 4),
(1614, 9, 14, 4),
(1615, 9, 15, 4),
(1616, 9, 16, 4),
(1617, 9, 17, 4),
(1618, 9, 18, 4),
(1619, 9, 19, 4),
(1620, 9, 20, 4),
(1621, 9, 21, 4),
(1622, 9, 22, 4),
(1623, 9, 23, 4),
(1624, 9, 24, 4),
(1625, 9, 25, 4),
(1626, 10, 1, 4),
(1627, 10, 2, 4),
(1628, 10, 3, 4),
(1629, 10, 4, 4),
(1630, 10, 5, 4),
(1631, 10, 6, 4),
(1632, 10, 7, 4),
(1633, 10, 8, 4),
(1634, 10, 9, 4),
(1635, 10, 10, 4),
(1636, 10, 11, 5),
(1637, 10, 12, 4),
(1638, 10, 13, 4),
(1639, 10, 14, 4),
(1640, 10, 15, 4),
(1641, 10, 16, 4),
(1642, 10, 17, 4),
(1643, 10, 18, 4),
(1644, 10, 19, 4),
(1645, 10, 20, 4),
(1646, 10, 21, 4),
(1647, 10, 22, 4),
(1648, 10, 23, 4),
(1649, 10, 24, 4),
(1650, 10, 25, 4),
(1651, 11, 1, 4),
(1652, 11, 2, 5),
(1653, 11, 3, 5),
(1654, 11, 4, 4),
(1655, 11, 5, 4),
(1656, 11, 6, 4),
(1657, 11, 7, 4),
(1658, 11, 8, 4),
(1659, 11, 9, 4),
(1660, 11, 10, 4),
(1661, 11, 11, 5),
(1662, 11, 12, 4),
(1663, 11, 13, 4),
(1664, 11, 14, 4),
(1665, 11, 15, 4),
(1666, 11, 16, 4),
(1667, 11, 17, 4),
(1668, 11, 18, 4),
(1669, 11, 19, 4),
(1670, 11, 20, 4),
(1671, 11, 21, 5),
(1672, 11, 22, 4),
(1673, 11, 23, 5),
(1674, 11, 24, 4),
(1675, 11, 25, 4),
(1676, 12, 1, 4),
(1677, 12, 2, 4),
(1678, 12, 3, 4),
(1679, 12, 4, 4),
(1680, 12, 5, 4),
(1681, 12, 6, 3),
(1682, 12, 7, 4),
(1683, 12, 8, 4),
(1684, 12, 9, 4),
(1685, 12, 10, 4),
(1686, 12, 11, 4),
(1687, 12, 12, 4),
(1688, 12, 13, 4),
(1689, 12, 14, 4),
(1690, 12, 15, 5),
(1691, 12, 16, 4),
(1692, 12, 17, 4),
(1693, 12, 18, 4),
(1694, 12, 19, 4),
(1695, 12, 20, 4),
(1696, 12, 21, 4),
(1697, 12, 22, 4),
(1698, 12, 23, 4),
(1699, 12, 24, 4),
(1700, 12, 25, 5),
(1701, 13, 1, 4),
(1702, 13, 2, 4),
(1703, 13, 3, 4),
(1704, 13, 4, 4),
(1705, 13, 5, 5),
(1706, 13, 6, 4),
(1707, 13, 7, 4),
(1708, 13, 8, 4),
(1709, 13, 9, 4),
(1710, 13, 10, 3),
(1711, 13, 11, 4),
(1712, 13, 12, 5),
(1713, 13, 13, 4),
(1714, 13, 14, 4),
(1715, 13, 15, 4),
(1716, 13, 16, 4),
(1717, 13, 17, 4),
(1718, 13, 18, 4),
(1719, 13, 19, 5),
(1720, 13, 20, 4),
(1721, 13, 21, 4),
(1722, 13, 22, 4),
(1723, 13, 23, 4),
(1724, 13, 24, 4),
(1725, 13, 25, 4),
(1726, 14, 1, 4),
(1727, 14, 2, 4),
(1728, 14, 3, 4),
(1729, 14, 4, 4),
(1730, 14, 5, 4),
(1731, 14, 6, 4),
(1732, 14, 7, 4),
(1733, 14, 8, 3),
(1734, 14, 9, 4),
(1735, 14, 10, 4),
(1736, 14, 11, 4),
(1737, 14, 12, 4),
(1738, 14, 13, 4),
(1739, 14, 14, 4),
(1740, 14, 15, 4),
(1741, 14, 16, 4),
(1742, 14, 17, 4),
(1743, 14, 18, 4),
(1744, 14, 19, 4),
(1745, 14, 20, 4),
(1746, 14, 21, 4),
(1747, 14, 22, 4),
(1748, 14, 23, 5),
(1749, 14, 24, 4),
(1750, 14, 25, 4),
(1751, 15, 1, 4),
(1752, 15, 2, 4),
(1753, 15, 3, 4),
(1754, 15, 4, 4),
(1755, 15, 5, 4),
(1756, 15, 6, 4),
(1757, 15, 7, 4),
(1758, 15, 8, 4),
(1759, 15, 9, 3),
(1760, 15, 10, 4),
(1761, 15, 11, 5),
(1762, 15, 12, 4),
(1763, 15, 13, 4),
(1764, 15, 14, 4),
(1765, 15, 15, 4),
(1766, 15, 16, 4),
(1767, 15, 17, 4),
(1768, 15, 18, 4),
(1769, 15, 19, 4),
(1770, 15, 20, 4),
(1771, 15, 21, 4),
(1772, 15, 22, 4),
(1773, 15, 23, 4),
(1774, 15, 24, 4),
(1775, 15, 25, 4),
(1776, 16, 1, 4),
(1777, 16, 2, 4),
(1778, 16, 3, 4),
(1779, 16, 4, 4),
(1780, 16, 5, 3),
(1781, 16, 6, 4),
(1782, 16, 7, 4),
(1783, 16, 8, 3),
(1784, 16, 9, 3),
(1785, 16, 10, 4),
(1786, 16, 11, 3),
(1787, 16, 12, 4),
(1788, 16, 13, 4),
(1789, 16, 14, 3),
(1790, 16, 15, 4),
(1791, 16, 16, 3),
(1792, 16, 17, 3),
(1793, 16, 18, 4),
(1794, 16, 19, 3),
(1795, 16, 20, 3),
(1796, 16, 21, 3),
(1797, 16, 22, 3),
(1798, 16, 23, 4),
(1799, 16, 24, 3),
(1800, 16, 25, 4),
(1801, 17, 1, 3),
(1802, 17, 2, 4),
(1803, 17, 3, 4),
(1804, 17, 4, 4),
(1805, 17, 5, 3),
(1806, 17, 6, 3),
(1807, 17, 7, 4),
(1808, 17, 8, 3),
(1809, 17, 9, 4),
(1810, 17, 10, 3),
(1811, 17, 11, 3),
(1812, 17, 12, 4),
(1813, 17, 13, 4),
(1814, 17, 14, 4),
(1815, 17, 15, 4),
(1816, 17, 16, 4),
(1817, 17, 17, 4),
(1818, 17, 18, 3),
(1819, 17, 19, 3),
(1820, 17, 20, 4),
(1821, 17, 21, 4),
(1822, 17, 22, 4),
(1823, 17, 23, 3),
(1824, 17, 24, 4),
(1825, 17, 25, 3),
(1826, 18, 1, 3),
(1827, 18, 2, 3),
(1828, 18, 3, 3),
(1829, 18, 4, 3),
(1830, 18, 5, 4),
(1831, 18, 6, 4),
(1832, 18, 7, 3),
(1833, 18, 8, 3),
(1834, 18, 9, 4),
(1835, 18, 10, 3),
(1836, 18, 11, 4),
(1837, 18, 12, 4),
(1838, 18, 13, 4),
(1839, 18, 14, 3),
(1840, 18, 15, 4),
(1841, 18, 16, 4),
(1842, 18, 17, 3),
(1843, 18, 18, 4),
(1844, 18, 19, 4),
(1845, 18, 20, 3),
(1846, 18, 21, 4),
(1847, 18, 22, 4),
(1848, 18, 23, 4),
(1849, 18, 24, 4),
(1850, 18, 25, 4),
(1851, 19, 1, 4),
(1852, 19, 2, 4),
(1853, 19, 3, 3),
(1854, 19, 4, 3),
(1855, 19, 5, 4),
(1856, 19, 6, 4),
(1857, 19, 7, 4),
(1858, 19, 8, 4),
(1859, 19, 9, 4),
(1860, 19, 10, 4),
(1861, 19, 11, 3),
(1862, 19, 12, 4),
(1863, 19, 13, 4),
(1864, 19, 14, 4),
(1865, 19, 15, 3),
(1866, 19, 16, 3),
(1867, 19, 17, 3),
(1868, 19, 18, 3),
(1869, 19, 19, 3),
(1870, 19, 20, 3),
(1871, 19, 21, 3),
(1872, 19, 22, 3),
(1873, 19, 23, 4),
(1874, 19, 24, 3),
(1875, 19, 25, 4),
(1876, 20, 1, 4),
(1877, 20, 2, 3),
(1878, 20, 3, 4),
(1879, 20, 4, 4),
(1880, 20, 5, 4),
(1881, 20, 6, 4),
(1882, 20, 7, 3),
(1883, 20, 8, 4),
(1884, 20, 9, 3),
(1885, 20, 10, 4),
(1886, 20, 11, 4),
(1887, 20, 12, 4),
(1888, 20, 13, 4),
(1889, 20, 14, 4),
(1890, 20, 15, 4),
(1891, 20, 16, 4),
(1892, 20, 17, 4),
(1893, 20, 18, 4),
(1894, 20, 19, 4),
(1895, 20, 20, 4),
(1896, 20, 21, 4),
(1897, 20, 22, 3),
(1898, 20, 23, 3),
(1899, 20, 24, 3),
(1900, 20, 25, 4),
(1901, 21, 1, 3),
(1902, 21, 2, 3),
(1903, 21, 3, 3),
(1904, 21, 4, 4),
(1905, 21, 5, 3),
(1906, 21, 6, 3),
(1907, 21, 7, 3),
(1908, 21, 8, 3),
(1909, 21, 9, 3),
(1910, 21, 10, 4),
(1911, 21, 11, 3),
(1912, 21, 12, 3),
(1913, 21, 13, 4),
(1914, 21, 14, 3),
(1915, 21, 15, 4),
(1916, 21, 16, 4),
(1917, 21, 17, 4),
(1918, 21, 18, 4),
(1919, 21, 19, 3),
(1920, 21, 20, 4),
(1921, 21, 21, 3),
(1922, 21, 22, 4),
(1923, 21, 23, 4),
(1924, 21, 24, 3),
(1925, 21, 25, 4),
(1926, 22, 1, 3),
(1927, 22, 2, 3),
(1928, 22, 3, 3),
(1929, 22, 4, 4),
(1930, 22, 5, 3),
(1931, 22, 6, 3),
(1932, 22, 7, 3),
(1933, 22, 8, 3),
(1934, 22, 9, 3),
(1935, 22, 10, 3),
(1936, 22, 11, 3),
(1937, 22, 12, 4),
(1938, 22, 13, 3),
(1939, 22, 14, 3),
(1940, 22, 15, 3),
(1941, 22, 16, 3),
(1942, 22, 17, 4),
(1943, 22, 18, 3),
(1944, 22, 19, 3),
(1945, 22, 20, 3),
(1946, 22, 21, 3),
(1947, 22, 22, 3),
(1948, 22, 23, 4),
(1949, 22, 24, 4),
(1950, 22, 25, 3),
(1951, 23, 1, 3),
(1952, 23, 2, 3),
(1953, 23, 3, 3),
(1954, 23, 4, 3),
(1955, 23, 5, 3),
(1956, 23, 6, 4),
(1957, 23, 7, 3),
(1958, 23, 8, 3),
(1959, 23, 9, 3),
(1960, 23, 10, 3),
(1961, 23, 11, 3),
(1962, 23, 12, 4),
(1963, 23, 13, 4),
(1964, 23, 14, 3),
(1965, 23, 15, 4),
(1966, 23, 16, 3),
(1967, 23, 17, 3),
(1968, 23, 18, 3),
(1969, 23, 19, 3),
(1970, 23, 20, 4),
(1971, 23, 21, 3),
(1972, 23, 22, 3),
(1973, 23, 23, 3),
(1974, 23, 24, 3),
(1975, 23, 25, 4),
(1976, 24, 1, 3),
(1977, 24, 2, 3),
(1978, 24, 3, 3),
(1979, 24, 4, 3),
(1980, 24, 5, 4),
(1981, 24, 6, 4),
(1982, 24, 7, 3),
(1983, 24, 8, 4),
(1984, 24, 9, 3),
(1985, 24, 10, 3),
(1986, 24, 11, 3),
(1987, 24, 12, 4),
(1988, 24, 13, 3),
(1989, 24, 14, 3),
(1990, 24, 15, 3),
(1991, 24, 16, 3),
(1992, 24, 17, 3),
(1993, 24, 18, 3),
(1994, 24, 19, 3),
(1995, 24, 20, 4),
(1996, 24, 21, 3),
(1997, 24, 22, 4),
(1998, 24, 23, 4),
(1999, 24, 24, 3),
(2000, 24, 25, 3),
(2001, 25, 1, 4),
(2002, 25, 2, 3),
(2003, 25, 3, 3),
(2004, 25, 4, 4),
(2005, 25, 5, 4),
(2006, 25, 6, 3),
(2007, 25, 7, 3),
(2008, 25, 8, 3),
(2009, 25, 9, 3),
(2010, 25, 10, 3),
(2011, 25, 11, 3),
(2012, 25, 12, 3),
(2013, 25, 13, 3),
(2014, 25, 14, 3),
(2015, 25, 15, 3),
(2016, 25, 16, 3),
(2017, 25, 17, 3),
(2018, 25, 18, 3),
(2019, 25, 19, 3),
(2020, 25, 20, 3),
(2021, 25, 21, 3),
(2022, 25, 22, 3),
(2023, 25, 23, 4),
(2024, 25, 24, 3),
(2025, 25, 25, 3),
(2026, 26, 1, 4),
(2027, 26, 2, 4),
(2028, 26, 3, 4),
(2029, 26, 4, 3),
(2030, 26, 5, 4),
(2031, 26, 6, 4),
(2032, 26, 7, 3),
(2033, 26, 8, 4),
(2034, 26, 9, 4),
(2035, 26, 10, 4),
(2036, 26, 11, 4),
(2037, 26, 12, 4),
(2038, 26, 13, 4),
(2039, 26, 14, 4),
(2040, 26, 15, 4),
(2041, 26, 16, 4),
(2042, 26, 17, 4),
(2043, 26, 18, 4),
(2044, 26, 19, 4),
(2045, 26, 20, 3),
(2046, 26, 21, 4),
(2047, 26, 22, 4),
(2048, 26, 23, 3),
(2049, 26, 24, 4),
(2050, 26, 25, 4),
(2051, 27, 1, 4),
(2052, 27, 2, 4),
(2053, 27, 3, 4),
(2054, 27, 4, 4),
(2055, 27, 5, 4),
(2056, 27, 6, 4),
(2057, 27, 7, 3),
(2058, 27, 8, 3),
(2059, 27, 9, 4),
(2060, 27, 10, 4),
(2061, 27, 11, 4),
(2062, 27, 12, 4),
(2063, 27, 13, 4),
(2064, 27, 14, 4),
(2065, 27, 15, 4),
(2066, 27, 16, 4),
(2067, 27, 17, 3),
(2068, 27, 18, 4),
(2069, 27, 19, 4),
(2070, 27, 20, 4),
(2071, 27, 21, 4),
(2072, 27, 22, 3),
(2073, 27, 23, 4),
(2074, 27, 24, 4),
(2075, 27, 25, 4),
(2076, 28, 1, 4),
(2077, 28, 2, 4),
(2078, 28, 3, 3),
(2079, 28, 4, 4),
(2080, 28, 5, 4),
(2081, 28, 6, 3),
(2082, 28, 7, 4),
(2083, 28, 8, 4),
(2084, 28, 9, 4),
(2085, 28, 10, 3),
(2086, 28, 11, 4),
(2087, 28, 12, 4),
(2088, 28, 13, 4),
(2089, 28, 14, 4),
(2090, 28, 15, 4),
(2091, 28, 16, 4),
(2092, 28, 17, 3),
(2093, 28, 18, 4),
(2094, 28, 19, 4),
(2095, 28, 20, 3),
(2096, 28, 21, 4),
(2097, 28, 22, 3),
(2098, 28, 23, 4),
(2099, 28, 24, 4),
(2100, 28, 25, 4),
(2101, 29, 1, 4),
(2102, 29, 2, 4),
(2103, 29, 3, 3),
(2104, 29, 4, 4),
(2105, 29, 5, 3),
(2106, 29, 6, 3),
(2107, 29, 7, 4),
(2108, 29, 8, 4),
(2109, 29, 9, 4),
(2110, 29, 10, 3),
(2111, 29, 11, 4),
(2112, 29, 12, 4),
(2113, 29, 13, 4),
(2114, 29, 14, 4),
(2115, 29, 15, 3),
(2116, 29, 16, 4),
(2117, 29, 17, 4),
(2118, 29, 18, 4),
(2119, 29, 19, 4),
(2120, 29, 20, 3),
(2121, 29, 21, 4),
(2122, 29, 22, 3),
(2123, 29, 23, 4),
(2124, 29, 24, 4),
(2125, 29, 25, 3),
(2126, 30, 1, 4),
(2127, 30, 2, 4),
(2128, 30, 3, 4),
(2129, 30, 4, 3),
(2130, 30, 5, 3),
(2131, 30, 6, 4),
(2132, 30, 7, 3),
(2133, 30, 8, 3),
(2134, 30, 9, 3),
(2135, 30, 10, 4),
(2136, 30, 11, 3),
(2137, 30, 12, 4),
(2138, 30, 13, 4),
(2139, 30, 14, 4),
(2140, 30, 15, 4),
(2141, 30, 16, 4),
(2142, 30, 17, 4),
(2143, 30, 18, 4),
(2144, 30, 19, 4),
(2145, 30, 20, 4),
(2146, 30, 21, 4),
(2147, 30, 22, 3),
(2148, 30, 23, 4),
(2149, 30, 24, 4),
(2150, 30, 25, 4),
(2151, 31, 1, 3),
(2152, 31, 2, 3),
(2153, 31, 3, 3),
(2154, 31, 4, 3),
(2155, 31, 5, 3),
(2156, 31, 6, 3),
(2157, 31, 7, 3),
(2158, 31, 8, 3),
(2159, 31, 9, 3),
(2160, 31, 10, 3),
(2161, 31, 11, 3),
(2162, 31, 12, 3),
(2163, 31, 13, 3),
(2164, 31, 14, 3),
(2165, 31, 15, 3),
(2166, 31, 16, 3),
(2167, 31, 17, 3),
(2168, 31, 18, 3),
(2169, 31, 19, 3),
(2170, 31, 20, 3),
(2171, 31, 21, 3),
(2172, 31, 22, 3),
(2173, 31, 23, 3),
(2174, 31, 24, 3),
(2175, 31, 25, 3),
(2176, 32, 1, 3),
(2177, 32, 2, 3),
(2178, 32, 3, 3),
(2179, 32, 4, 3),
(2180, 32, 5, 3),
(2181, 32, 6, 3),
(2182, 32, 7, 3),
(2183, 32, 8, 3),
(2184, 32, 9, 3),
(2185, 32, 10, 3),
(2186, 32, 11, 3),
(2187, 32, 12, 3),
(2188, 32, 13, 4),
(2189, 32, 14, 3),
(2190, 32, 15, 3),
(2191, 32, 16, 3),
(2192, 32, 17, 2),
(2193, 32, 18, 3),
(2194, 32, 19, 3),
(2195, 32, 20, 3),
(2196, 32, 21, 3),
(2197, 32, 22, 3),
(2198, 32, 23, 3),
(2199, 32, 24, 3),
(2200, 32, 25, 3),
(2201, 33, 1, 3),
(2202, 33, 2, 3),
(2203, 33, 3, 3),
(2204, 33, 4, 3),
(2205, 33, 5, 3),
(2206, 33, 6, 3),
(2207, 33, 7, 3),
(2208, 33, 8, 3),
(2209, 33, 9, 2),
(2210, 33, 10, 2),
(2211, 33, 11, 3),
(2212, 33, 12, 3),
(2213, 33, 13, 3),
(2214, 33, 14, 3),
(2215, 33, 15, 3),
(2216, 33, 16, 3),
(2217, 33, 17, 3),
(2218, 33, 18, 3),
(2219, 33, 19, 2),
(2220, 33, 20, 2),
(2221, 33, 21, 3),
(2222, 33, 22, 3),
(2223, 33, 23, 3),
(2224, 33, 24, 3),
(2225, 33, 25, 3),
(2226, 34, 1, 3),
(2227, 34, 2, 3),
(2228, 34, 3, 3),
(2229, 34, 4, 3),
(2230, 34, 5, 3),
(2231, 34, 6, 2),
(2232, 34, 7, 3),
(2233, 34, 8, 3),
(2234, 34, 9, 3),
(2235, 34, 10, 3),
(2236, 34, 11, 3),
(2237, 34, 12, 3),
(2238, 34, 13, 3),
(2239, 34, 14, 3),
(2240, 34, 15, 3),
(2241, 34, 16, 3),
(2242, 34, 17, 3),
(2243, 34, 18, 3),
(2244, 34, 19, 3),
(2245, 34, 20, 3),
(2246, 34, 21, 3),
(2247, 34, 22, 3),
(2248, 34, 23, 3),
(2249, 34, 24, 3),
(2250, 34, 25, 3),
(2251, 35, 1, 3),
(2252, 35, 2, 3),
(2253, 35, 3, 3),
(2254, 35, 4, 3),
(2255, 35, 5, 3),
(2256, 35, 6, 3),
(2257, 35, 7, 3),
(2258, 35, 8, 3),
(2259, 35, 9, 3),
(2260, 35, 10, 3),
(2261, 35, 11, 3),
(2262, 35, 12, 3),
(2263, 35, 13, 3),
(2264, 35, 14, 3),
(2265, 35, 15, 3),
(2266, 35, 16, 3),
(2267, 35, 17, 3),
(2268, 35, 18, 3),
(2269, 35, 19, 3),
(2270, 35, 20, 3),
(2271, 35, 21, 3),
(2272, 35, 22, 3),
(2273, 35, 23, 3),
(2274, 35, 24, 3),
(2275, 35, 25, 3),
(2276, 36, 1, 5),
(2277, 36, 2, 4),
(2278, 36, 3, 4),
(2279, 36, 4, 4),
(2280, 36, 5, 4),
(2281, 36, 6, 5),
(2282, 36, 7, 4),
(2283, 36, 8, 4),
(2284, 36, 9, 4),
(2285, 36, 10, 5),
(2286, 36, 11, 5),
(2287, 36, 12, 4),
(2288, 36, 13, 4),
(2289, 36, 14, 4),
(2290, 36, 15, 4),
(2291, 36, 16, 4),
(2292, 36, 17, 4),
(2293, 36, 18, 4),
(2294, 36, 19, 4),
(2295, 36, 20, 4),
(2296, 36, 21, 4),
(2297, 36, 22, 4),
(2298, 36, 23, 5),
(2299, 36, 24, 4),
(2300, 36, 25, 4),
(2301, 37, 1, 5),
(2302, 37, 2, 4),
(2303, 37, 3, 4),
(2304, 37, 4, 4),
(2305, 37, 5, 5),
(2306, 37, 6, 4),
(2307, 37, 7, 4),
(2308, 37, 8, 4),
(2309, 37, 9, 4),
(2310, 37, 10, 4),
(2311, 37, 11, 5),
(2312, 37, 12, 5),
(2313, 37, 13, 4),
(2314, 37, 14, 5),
(2315, 37, 15, 4),
(2316, 37, 16, 4),
(2317, 37, 17, 4),
(2318, 37, 18, 4),
(2319, 37, 19, 4),
(2320, 37, 20, 4),
(2321, 37, 21, 4),
(2322, 37, 22, 5),
(2323, 37, 23, 4),
(2324, 37, 24, 4),
(2325, 37, 25, 4),
(2326, 38, 1, 4),
(2327, 38, 2, 5),
(2328, 38, 3, 5),
(2329, 38, 4, 4),
(2330, 38, 5, 5),
(2331, 38, 6, 4),
(2332, 38, 7, 4),
(2333, 38, 8, 4),
(2334, 38, 9, 4),
(2335, 38, 10, 4),
(2336, 38, 11, 4),
(2337, 38, 12, 5),
(2338, 38, 13, 5),
(2339, 38, 14, 4),
(2340, 38, 15, 5),
(2341, 38, 16, 5),
(2342, 38, 17, 5),
(2343, 38, 18, 5),
(2344, 38, 19, 4),
(2345, 38, 20, 4),
(2346, 38, 21, 5),
(2347, 38, 22, 5),
(2348, 38, 23, 5),
(2349, 38, 24, 5),
(2350, 38, 25, 5),
(2351, 39, 1, 4),
(2352, 39, 2, 4),
(2353, 39, 3, 5),
(2354, 39, 4, 4),
(2355, 39, 5, 4),
(2356, 39, 6, 4),
(2357, 39, 7, 4),
(2358, 39, 8, 4),
(2359, 39, 9, 4),
(2360, 39, 10, 4),
(2361, 39, 11, 4),
(2362, 39, 12, 5),
(2363, 39, 13, 4),
(2364, 39, 14, 4),
(2365, 39, 15, 5),
(2366, 39, 16, 4),
(2367, 39, 17, 4),
(2368, 39, 18, 4),
(2369, 39, 19, 4),
(2370, 39, 20, 5),
(2371, 39, 21, 5),
(2372, 39, 22, 4),
(2373, 39, 23, 5),
(2374, 39, 24, 5),
(2375, 39, 25, 5),
(2376, 40, 1, 5),
(2377, 40, 2, 4),
(2378, 40, 3, 5),
(2379, 40, 4, 4),
(2380, 40, 5, 4),
(2381, 40, 6, 4),
(2382, 40, 7, 4),
(2383, 40, 8, 5),
(2384, 40, 9, 4),
(2385, 40, 10, 4),
(2386, 40, 11, 5),
(2387, 40, 12, 4),
(2388, 40, 13, 5),
(2389, 40, 14, 5),
(2390, 40, 15, 5),
(2391, 40, 16, 4),
(2392, 40, 17, 5),
(2393, 40, 18, 4),
(2394, 40, 19, 4),
(2395, 40, 20, 5),
(2396, 40, 21, 4),
(2397, 40, 22, 4),
(2398, 40, 23, 5),
(2399, 40, 24, 5),
(2400, 40, 25, 5),
(2401, 41, 1, 4),
(2402, 41, 2, 4),
(2403, 41, 3, 4),
(2404, 41, 4, 4),
(2405, 41, 5, 4),
(2406, 41, 6, 4),
(2407, 41, 7, 4),
(2408, 41, 8, 4),
(2409, 41, 9, 4),
(2410, 41, 10, 4),
(2411, 41, 11, 4),
(2412, 41, 12, 4),
(2413, 41, 13, 4),
(2414, 41, 14, 4),
(2415, 41, 15, 4),
(2416, 41, 16, 4),
(2417, 41, 17, 4),
(2418, 41, 18, 4),
(2419, 41, 19, 5),
(2420, 41, 20, 4),
(2421, 41, 21, 4),
(2422, 41, 22, 4),
(2423, 41, 23, 4),
(2424, 41, 24, 4),
(2425, 41, 25, 4),
(2426, 42, 1, 4),
(2427, 42, 2, 4),
(2428, 42, 3, 4),
(2429, 42, 4, 4),
(2430, 42, 5, 4),
(2431, 42, 6, 4),
(2432, 42, 7, 4),
(2433, 42, 8, 4),
(2434, 42, 9, 4),
(2435, 42, 10, 4),
(2436, 42, 11, 4),
(2437, 42, 12, 4),
(2438, 42, 13, 4),
(2439, 42, 14, 5),
(2440, 42, 15, 5),
(2441, 42, 16, 4),
(2442, 42, 17, 4),
(2443, 42, 18, 4),
(2444, 42, 19, 4),
(2445, 42, 20, 4),
(2446, 42, 21, 4),
(2447, 42, 22, 4),
(2448, 42, 23, 4),
(2449, 42, 24, 4),
(2450, 42, 25, 5),
(2451, 43, 1, 4),
(2452, 43, 2, 4),
(2453, 43, 3, 4),
(2454, 43, 4, 4),
(2455, 43, 5, 4),
(2456, 43, 6, 4),
(2457, 43, 7, 4),
(2458, 43, 8, 4),
(2459, 43, 9, 4),
(2460, 43, 10, 4),
(2461, 43, 11, 4),
(2462, 43, 12, 5),
(2463, 43, 13, 4),
(2464, 43, 14, 4),
(2465, 43, 15, 4),
(2466, 43, 16, 4),
(2467, 43, 17, 4),
(2468, 43, 18, 4),
(2469, 43, 19, 4),
(2470, 43, 20, 4),
(2471, 43, 21, 4),
(2472, 43, 22, 4),
(2473, 43, 23, 5),
(2474, 43, 24, 4),
(2475, 43, 25, 4),
(2476, 44, 1, 4),
(2477, 44, 2, 4),
(2478, 44, 3, 4),
(2479, 44, 4, 4),
(2480, 44, 5, 4),
(2481, 44, 6, 4),
(2482, 44, 7, 4),
(2483, 44, 8, 4),
(2484, 44, 9, 4),
(2485, 44, 10, 4),
(2486, 44, 11, 4),
(2487, 44, 12, 4),
(2488, 44, 13, 4),
(2489, 44, 14, 4),
(2490, 44, 15, 4),
(2491, 44, 16, 4),
(2492, 44, 17, 4),
(2493, 44, 18, 4),
(2494, 44, 19, 4),
(2495, 44, 20, 4),
(2496, 44, 21, 4),
(2497, 44, 22, 4),
(2498, 44, 23, 4),
(2499, 44, 24, 4),
(2500, 44, 25, 4),
(2501, 45, 1, 4),
(2502, 45, 2, 4),
(2503, 45, 3, 4),
(2504, 45, 4, 5),
(2505, 45, 5, 4),
(2506, 45, 6, 4),
(2507, 45, 7, 4),
(2508, 45, 8, 4),
(2509, 45, 9, 4),
(2510, 45, 10, 4),
(2511, 45, 11, 4),
(2512, 45, 12, 5),
(2513, 45, 13, 4),
(2514, 45, 14, 5),
(2515, 45, 15, 5),
(2516, 45, 16, 4),
(2517, 45, 17, 4),
(2518, 45, 18, 4),
(2519, 45, 19, 4),
(2520, 45, 20, 4),
(2521, 45, 21, 4),
(2522, 45, 22, 4),
(2523, 45, 23, 4),
(2524, 45, 24, 4),
(2525, 45, 25, 4),
(2526, 46, 1, 4),
(2527, 46, 2, 4),
(2528, 46, 3, 4),
(2529, 46, 4, 5),
(2530, 46, 5, 5),
(2531, 46, 6, 4),
(2532, 46, 7, 4),
(2533, 46, 8, 4),
(2534, 46, 9, 5),
(2535, 46, 10, 4),
(2536, 46, 11, 5),
(2537, 46, 12, 5),
(2538, 46, 13, 4),
(2539, 46, 14, 4),
(2540, 46, 15, 4),
(2541, 46, 16, 5),
(2542, 46, 17, 4),
(2543, 46, 18, 5),
(2544, 46, 19, 5),
(2545, 46, 20, 4),
(2546, 46, 21, 4),
(2547, 46, 22, 4),
(2548, 46, 23, 4),
(2549, 46, 24, 4),
(2550, 46, 25, 5),
(2551, 47, 1, 4),
(2552, 47, 2, 4),
(2553, 47, 3, 4),
(2554, 47, 4, 4),
(2555, 47, 5, 4),
(2556, 47, 6, 5),
(2557, 47, 7, 4),
(2558, 47, 8, 5),
(2559, 47, 9, 4),
(2560, 47, 10, 4),
(2561, 47, 11, 4),
(2562, 47, 12, 4),
(2563, 47, 13, 4),
(2564, 47, 14, 5),
(2565, 47, 15, 4),
(2566, 47, 16, 4),
(2567, 47, 17, 4),
(2568, 47, 18, 5),
(2569, 47, 19, 4),
(2570, 47, 20, 5),
(2571, 47, 21, 4),
(2572, 47, 22, 5),
(2573, 47, 23, 4),
(2574, 47, 24, 4),
(2575, 47, 25, 4),
(2576, 48, 1, 4),
(2577, 48, 2, 4),
(2578, 48, 3, 4),
(2579, 48, 4, 4),
(2580, 48, 5, 5),
(2581, 48, 6, 4),
(2582, 48, 7, 4),
(2583, 48, 8, 4),
(2584, 48, 9, 5),
(2585, 48, 10, 4),
(2586, 48, 11, 5),
(2587, 48, 12, 4),
(2588, 48, 13, 4),
(2589, 48, 14, 5),
(2590, 48, 15, 4),
(2591, 48, 16, 4),
(2592, 48, 17, 4),
(2593, 48, 18, 5),
(2594, 48, 19, 4),
(2595, 48, 20, 5),
(2596, 48, 21, 4),
(2597, 48, 22, 4),
(2598, 48, 23, 4),
(2599, 48, 24, 4),
(2600, 48, 25, 4),
(2601, 49, 1, 4),
(2602, 49, 2, 4),
(2603, 49, 3, 4),
(2604, 49, 4, 4),
(2605, 49, 5, 4),
(2606, 49, 6, 4),
(2607, 49, 7, 5),
(2608, 49, 8, 4),
(2609, 49, 9, 4),
(2610, 49, 10, 4),
(2611, 49, 11, 4),
(2612, 49, 12, 5),
(2613, 49, 13, 4),
(2614, 49, 14, 5),
(2615, 49, 15, 5),
(2616, 49, 16, 4),
(2617, 49, 17, 5),
(2618, 49, 18, 4),
(2619, 49, 19, 5),
(2620, 49, 20, 5),
(2621, 49, 21, 4),
(2622, 49, 22, 5),
(2623, 49, 23, 4),
(2624, 49, 24, 5),
(2625, 49, 25, 4),
(2626, 50, 1, 4),
(2627, 50, 2, 5),
(2628, 50, 3, 4),
(2629, 50, 4, 4),
(2630, 50, 5, 4),
(2631, 50, 6, 5),
(2632, 50, 7, 4),
(2633, 50, 8, 4),
(2634, 50, 9, 5),
(2635, 50, 10, 4),
(2636, 50, 11, 4),
(2637, 50, 12, 4),
(2638, 50, 13, 4),
(2639, 50, 14, 4),
(2640, 50, 15, 5),
(2641, 50, 16, 5),
(2642, 50, 17, 4),
(2643, 50, 18, 4),
(2644, 50, 19, 4),
(2645, 50, 20, 4),
(2646, 50, 21, 4),
(2647, 50, 22, 4),
(2648, 50, 23, 4),
(2649, 50, 24, 4),
(2650, 50, 25, 4),
(2651, 51, 1, 4),
(2652, 51, 2, 4),
(2653, 51, 3, 3),
(2654, 51, 4, 4),
(2655, 51, 5, 4),
(2656, 51, 6, 3),
(2657, 51, 7, 4),
(2658, 51, 8, 3),
(2659, 51, 9, 4),
(2660, 51, 10, 4),
(2661, 51, 11, 4),
(2662, 51, 12, 4),
(2663, 51, 13, 4),
(2664, 51, 14, 4),
(2665, 51, 15, 4),
(2666, 51, 16, 4),
(2667, 51, 17, 4),
(2668, 51, 18, 4),
(2669, 51, 19, 3),
(2670, 51, 20, 4),
(2671, 51, 21, 4),
(2672, 51, 22, 4),
(2673, 51, 23, 4),
(2674, 51, 24, 4),
(2675, 51, 25, 4),
(2676, 52, 1, 4),
(2677, 52, 2, 4),
(2678, 52, 3, 4),
(2679, 52, 4, 4),
(2680, 52, 5, 4),
(2681, 52, 6, 4),
(2682, 52, 7, 3),
(2683, 52, 8, 4),
(2684, 52, 9, 3),
(2685, 52, 10, 4),
(2686, 52, 11, 4),
(2687, 52, 12, 4),
(2688, 52, 13, 4),
(2689, 52, 14, 4),
(2690, 52, 15, 4),
(2691, 52, 16, 4),
(2692, 52, 17, 4),
(2693, 52, 18, 4),
(2694, 52, 19, 4),
(2695, 52, 20, 3),
(2696, 52, 21, 4),
(2697, 52, 22, 4),
(2698, 52, 23, 4),
(2699, 52, 24, 4),
(2700, 52, 25, 4),
(2701, 53, 1, 4),
(2702, 53, 2, 4),
(2703, 53, 3, 4),
(2704, 53, 4, 4),
(2705, 53, 5, 4),
(2706, 53, 6, 4),
(2707, 53, 7, 4),
(2708, 53, 8, 4),
(2709, 53, 9, 4),
(2710, 53, 10, 3),
(2711, 53, 11, 4),
(2712, 53, 12, 4),
(2713, 53, 13, 4),
(2714, 53, 14, 4),
(2715, 53, 15, 4),
(2716, 53, 16, 4),
(2717, 53, 17, 4),
(2718, 53, 18, 3),
(2719, 53, 19, 4),
(2720, 53, 20, 4),
(2721, 53, 21, 4),
(2722, 53, 22, 4),
(2723, 53, 23, 4),
(2724, 53, 24, 4),
(2725, 53, 25, 4),
(2726, 54, 1, 4),
(2727, 54, 2, 3),
(2728, 54, 3, 4),
(2729, 54, 4, 4),
(2730, 54, 5, 3),
(2731, 54, 6, 3),
(2732, 54, 7, 4),
(2733, 54, 8, 3),
(2734, 54, 9, 4),
(2735, 54, 10, 4),
(2736, 54, 11, 4),
(2737, 54, 12, 4),
(2738, 54, 13, 4),
(2739, 54, 14, 4),
(2740, 54, 15, 4),
(2741, 54, 16, 4),
(2742, 54, 17, 4),
(2743, 54, 18, 3),
(2744, 54, 19, 4),
(2745, 54, 20, 3),
(2746, 54, 21, 4),
(2747, 54, 22, 4),
(2748, 54, 23, 3),
(2749, 54, 24, 3),
(2750, 54, 25, 4),
(2751, 55, 1, 4),
(2752, 55, 2, 4),
(2753, 55, 3, 4),
(2754, 55, 4, 3),
(2755, 55, 5, 4),
(2756, 55, 6, 4),
(2757, 55, 7, 4),
(2758, 55, 8, 4),
(2759, 55, 9, 4),
(2760, 55, 10, 4),
(2761, 55, 11, 4),
(2762, 55, 12, 4),
(2763, 55, 13, 4),
(2764, 55, 14, 4),
(2765, 55, 15, 4),
(2766, 55, 16, 4),
(2767, 55, 17, 4),
(2768, 55, 18, 4),
(2769, 55, 19, 4),
(2770, 55, 20, 4),
(2771, 55, 21, 3),
(2772, 55, 22, 3),
(2773, 55, 23, 4),
(2774, 55, 24, 4),
(2775, 55, 25, 4),
(2776, 56, 1, 4),
(2777, 56, 2, 4),
(2778, 56, 3, 4),
(2779, 56, 4, 4),
(2780, 56, 5, 4),
(2781, 56, 6, 4),
(2782, 56, 7, 4),
(2783, 56, 8, 4),
(2784, 56, 9, 4),
(2785, 56, 10, 4),
(2786, 56, 11, 4),
(2787, 56, 12, 4),
(2788, 56, 13, 5),
(2789, 56, 14, 4),
(2790, 56, 15, 4),
(2791, 56, 16, 4),
(2792, 56, 17, 4),
(2793, 56, 18, 4),
(2794, 56, 19, 4),
(2795, 56, 20, 4),
(2796, 56, 21, 5),
(2797, 56, 22, 4),
(2798, 56, 23, 4),
(2799, 56, 24, 4),
(2800, 56, 25, 4),
(2801, 57, 1, 4),
(2802, 57, 2, 4),
(2803, 57, 3, 4),
(2804, 57, 4, 4),
(2805, 57, 5, 4),
(2806, 57, 6, 4),
(2807, 57, 7, 4),
(2808, 57, 8, 3),
(2809, 57, 9, 4),
(2810, 57, 10, 4),
(2811, 57, 11, 4),
(2812, 57, 12, 4),
(2813, 57, 13, 4),
(2814, 57, 14, 4),
(2815, 57, 15, 4),
(2816, 57, 16, 4),
(2817, 57, 17, 4),
(2818, 57, 18, 4),
(2819, 57, 19, 4),
(2820, 57, 20, 4),
(2821, 57, 21, 4),
(2822, 57, 22, 4),
(2823, 57, 23, 4),
(2824, 57, 24, 4),
(2825, 57, 25, 4),
(2826, 58, 1, 4),
(2827, 58, 2, 4),
(2828, 58, 3, 4),
(2829, 58, 4, 4),
(2830, 58, 5, 4),
(2831, 58, 6, 4),
(2832, 58, 7, 4),
(2833, 58, 8, 3),
(2834, 58, 9, 4),
(2835, 58, 10, 4),
(2836, 58, 11, 4),
(2837, 58, 12, 4),
(2838, 58, 13, 4),
(2839, 58, 14, 4),
(2840, 58, 15, 4),
(2841, 58, 16, 4),
(2842, 58, 17, 4),
(2843, 58, 18, 4),
(2844, 58, 19, 4),
(2845, 58, 20, 4),
(2846, 58, 21, 4),
(2847, 58, 22, 4),
(2848, 58, 23, 4),
(2849, 58, 24, 4),
(2850, 58, 25, 4),
(2851, 59, 1, 4),
(2852, 59, 2, 4),
(2853, 59, 3, 4),
(2854, 59, 4, 4),
(2855, 59, 5, 4),
(2856, 59, 6, 4),
(2857, 59, 7, 3),
(2858, 59, 8, 4),
(2859, 59, 9, 4),
(2860, 59, 10, 4),
(2861, 59, 11, 4),
(2862, 59, 12, 4),
(2863, 59, 13, 4),
(2864, 59, 14, 5),
(2865, 59, 15, 4),
(2866, 59, 16, 5),
(2867, 59, 17, 4),
(2868, 59, 18, 4),
(2869, 59, 19, 4),
(2870, 59, 20, 4),
(2871, 59, 21, 4),
(2872, 59, 22, 4),
(2873, 59, 23, 4),
(2874, 59, 24, 4),
(2875, 59, 25, 4),
(2876, 60, 1, 4),
(2877, 60, 2, 4),
(2878, 60, 3, 4),
(2879, 60, 4, 4),
(2880, 60, 5, 4),
(2881, 60, 6, 4),
(2882, 60, 7, 3),
(2883, 60, 8, 3),
(2884, 60, 9, 4),
(2885, 60, 10, 4),
(2886, 60, 11, 4),
(2887, 60, 12, 4),
(2888, 60, 13, 4),
(2889, 60, 14, 4),
(2890, 60, 15, 4),
(2891, 60, 16, 4),
(2892, 60, 17, 4),
(2893, 60, 18, 4),
(2894, 60, 19, 4),
(2895, 60, 20, 4),
(2896, 60, 21, 4),
(2897, 60, 22, 5),
(2898, 60, 23, 4),
(2899, 60, 24, 4),
(2900, 60, 25, 4),
(2901, 61, 1, 4),
(2902, 61, 2, 4),
(2903, 61, 3, 4),
(2904, 61, 4, 4),
(2905, 61, 5, 4),
(2906, 61, 6, 4),
(2907, 61, 7, 4),
(2908, 61, 8, 4),
(2909, 61, 9, 4),
(2910, 61, 10, 3),
(2911, 61, 11, 4),
(2912, 61, 12, 4),
(2913, 61, 13, 5),
(2914, 61, 14, 4),
(2915, 61, 15, 4),
(2916, 61, 16, 4),
(2917, 61, 17, 4),
(2918, 61, 18, 4),
(2919, 61, 19, 4),
(2920, 61, 20, 4),
(2921, 61, 21, 4),
(2922, 61, 22, 4),
(2923, 61, 23, 4),
(2924, 61, 24, 4),
(2925, 61, 25, 4),
(2926, 62, 1, 4),
(2927, 62, 2, 4),
(2928, 62, 3, 4),
(2929, 62, 4, 4),
(2930, 62, 5, 4),
(2931, 62, 6, 3),
(2932, 62, 7, 4),
(2933, 62, 8, 4),
(2934, 62, 9, 4),
(2935, 62, 10, 4),
(2936, 62, 11, 4),
(2937, 62, 12, 5),
(2938, 62, 13, 5),
(2939, 62, 14, 4),
(2940, 62, 15, 4),
(2941, 62, 16, 4),
(2942, 62, 17, 4),
(2943, 62, 18, 4),
(2944, 62, 19, 4),
(2945, 62, 20, 4),
(2946, 62, 21, 4),
(2947, 62, 22, 4),
(2948, 62, 23, 4),
(2949, 62, 24, 4),
(2950, 62, 25, 4),
(2951, 63, 1, 4),
(2952, 63, 2, 4),
(2953, 63, 3, 4),
(2954, 63, 4, 4),
(2955, 63, 5, 4),
(2956, 63, 6, 4),
(2957, 63, 7, 4),
(2958, 63, 8, 4),
(2959, 63, 9, 4),
(2960, 63, 10, 3),
(2961, 63, 11, 4),
(2962, 63, 12, 5),
(2963, 63, 13, 4),
(2964, 63, 14, 4),
(2965, 63, 15, 5),
(2966, 63, 16, 4),
(2967, 63, 17, 4),
(2968, 63, 18, 4),
(2969, 63, 19, 4),
(2970, 63, 20, 4),
(2971, 63, 21, 4),
(2972, 63, 22, 4),
(2973, 63, 23, 4),
(2974, 63, 24, 4),
(2975, 63, 25, 4),
(2976, 64, 1, 4),
(2977, 64, 2, 4),
(2978, 64, 3, 4),
(2979, 64, 4, 3),
(2980, 64, 5, 4),
(2981, 64, 6, 4),
(2982, 64, 7, 4),
(2983, 64, 8, 4),
(2984, 64, 9, 4),
(2985, 64, 10, 3),
(2986, 64, 11, 4),
(2987, 64, 12, 4),
(2988, 64, 13, 4),
(2989, 64, 14, 4),
(2990, 64, 15, 4),
(2991, 64, 16, 4),
(2992, 64, 17, 4),
(2993, 64, 18, 4),
(2994, 64, 19, 4),
(2995, 64, 20, 4),
(2996, 64, 21, 4),
(2997, 64, 22, 4),
(2998, 64, 23, 4),
(2999, 64, 24, 4),
(3000, 64, 25, 4),
(3001, 65, 1, 4),
(3002, 65, 2, 4),
(3003, 65, 3, 4),
(3004, 65, 4, 4),
(3005, 65, 5, 4),
(3006, 65, 6, 4),
(3007, 65, 7, 4),
(3008, 65, 8, 4),
(3009, 65, 9, 4),
(3010, 65, 10, 4),
(3011, 65, 11, 4),
(3012, 65, 12, 4),
(3013, 65, 13, 4),
(3014, 65, 14, 5),
(3015, 65, 15, 4),
(3016, 65, 16, 4),
(3017, 65, 17, 4),
(3018, 65, 18, 4),
(3019, 65, 19, 4),
(3020, 65, 20, 4),
(3021, 65, 21, 4),
(3022, 65, 22, 4),
(3023, 65, 23, 4),
(3024, 65, 24, 4),
(3025, 65, 25, 4),
(3026, 66, 1, 3),
(3027, 66, 2, 4),
(3028, 66, 3, 3),
(3029, 66, 4, 3),
(3030, 66, 5, 4),
(3031, 66, 6, 3),
(3032, 66, 7, 3),
(3033, 66, 8, 3),
(3034, 66, 9, 4),
(3035, 66, 10, 4),
(3036, 66, 11, 4),
(3037, 66, 12, 4),
(3038, 66, 13, 4),
(3039, 66, 14, 3),
(3040, 66, 15, 4),
(3041, 66, 16, 3),
(3042, 66, 17, 4),
(3043, 66, 18, 4),
(3044, 66, 19, 4),
(3045, 66, 20, 4),
(3046, 66, 21, 4),
(3047, 66, 22, 4),
(3048, 66, 23, 4),
(3049, 66, 24, 4),
(3050, 66, 25, 3),
(3051, 67, 1, 3),
(3052, 67, 2, 4),
(3053, 67, 3, 4),
(3054, 67, 4, 3),
(3055, 67, 5, 4),
(3056, 67, 6, 4),
(3057, 67, 7, 4),
(3058, 67, 8, 4),
(3059, 67, 9, 4),
(3060, 67, 10, 3),
(3061, 67, 11, 4),
(3062, 67, 12, 4),
(3063, 67, 13, 4),
(3064, 67, 14, 4),
(3065, 67, 15, 3),
(3066, 67, 16, 4),
(3067, 67, 17, 4),
(3068, 67, 18, 4),
(3069, 67, 19, 4),
(3070, 67, 20, 4),
(3071, 67, 21, 3),
(3072, 67, 22, 4),
(3073, 67, 23, 4),
(3074, 67, 24, 4),
(3075, 67, 25, 4),
(3076, 68, 1, 3),
(3077, 68, 2, 3),
(3078, 68, 3, 4),
(3079, 68, 4, 4),
(3080, 68, 5, 4),
(3081, 68, 6, 4),
(3082, 68, 7, 3),
(3083, 68, 8, 3),
(3084, 68, 9, 3),
(3085, 68, 10, 4),
(3086, 68, 11, 4),
(3087, 68, 12, 4),
(3088, 68, 13, 4),
(3089, 68, 14, 3),
(3090, 68, 15, 4),
(3091, 68, 16, 4),
(3092, 68, 17, 4),
(3093, 68, 18, 4),
(3094, 68, 19, 4),
(3095, 68, 20, 4),
(3096, 68, 21, 4),
(3097, 68, 22, 4),
(3098, 68, 23, 4),
(3099, 68, 24, 4),
(3100, 68, 25, 4),
(3101, 69, 1, 4),
(3102, 69, 2, 4),
(3103, 69, 3, 4),
(3104, 69, 4, 4),
(3105, 69, 5, 4),
(3106, 69, 6, 3),
(3107, 69, 7, 3),
(3108, 69, 8, 4),
(3109, 69, 9, 4),
(3110, 69, 10, 3),
(3111, 69, 11, 4),
(3112, 69, 12, 3),
(3113, 69, 13, 3),
(3114, 69, 14, 4),
(3115, 69, 15, 4),
(3116, 69, 16, 4),
(3117, 69, 17, 3),
(3118, 69, 18, 4),
(3119, 69, 19, 3),
(3120, 69, 20, 4),
(3121, 69, 21, 4),
(3122, 69, 22, 3),
(3123, 69, 23, 4),
(3124, 69, 24, 4),
(3125, 69, 25, 3),
(3126, 70, 1, 4),
(3127, 70, 2, 3),
(3128, 70, 3, 4),
(3129, 70, 4, 4),
(3130, 70, 5, 4),
(3131, 70, 6, 4),
(3132, 70, 7, 4),
(3133, 70, 8, 4),
(3134, 70, 9, 4),
(3135, 70, 10, 4),
(3136, 70, 11, 3),
(3137, 70, 12, 3),
(3138, 70, 13, 4),
(3139, 70, 14, 4),
(3140, 70, 15, 4),
(3141, 70, 16, 4),
(3142, 70, 17, 3),
(3143, 70, 18, 4),
(3144, 70, 19, 4),
(3145, 70, 20, 4),
(3146, 70, 21, 4),
(3147, 70, 22, 4),
(3148, 70, 23, 4),
(3149, 70, 24, 4),
(3150, 70, 25, 3),
(3151, 71, 1, 4),
(3152, 71, 2, 4),
(3153, 71, 3, 4),
(3154, 71, 4, 4),
(3155, 71, 5, 4),
(3156, 71, 6, 4),
(3157, 71, 7, 5),
(3158, 71, 8, 4),
(3159, 71, 9, 4),
(3160, 71, 10, 5),
(3161, 71, 11, 4),
(3162, 71, 12, 4),
(3163, 71, 13, 4),
(3164, 71, 14, 5),
(3165, 71, 15, 4),
(3166, 71, 16, 4),
(3167, 71, 17, 5),
(3168, 71, 18, 5),
(3169, 71, 19, 4),
(3170, 71, 20, 4),
(3171, 71, 21, 4),
(3172, 71, 22, 4),
(3173, 71, 23, 4),
(3174, 71, 24, 4),
(3175, 71, 25, 4),
(3176, 72, 1, 4),
(3177, 72, 2, 5),
(3178, 72, 3, 5),
(3179, 72, 4, 5),
(3180, 72, 5, 4),
(3181, 72, 6, 5),
(3182, 72, 7, 4),
(3183, 72, 8, 4),
(3184, 72, 9, 4),
(3185, 72, 10, 5),
(3186, 72, 11, 4),
(3187, 72, 12, 4),
(3188, 72, 13, 4),
(3189, 72, 14, 5),
(3190, 72, 15, 5),
(3191, 72, 16, 5),
(3192, 72, 17, 5),
(3193, 72, 18, 4),
(3194, 72, 19, 4),
(3195, 72, 20, 4),
(3196, 72, 21, 4),
(3197, 72, 22, 5),
(3198, 72, 23, 4),
(3199, 72, 24, 4),
(3200, 72, 25, 5),
(3201, 73, 1, 4),
(3202, 73, 2, 4),
(3203, 73, 3, 4),
(3204, 73, 4, 4),
(3205, 73, 5, 4),
(3206, 73, 6, 4),
(3207, 73, 7, 4),
(3208, 73, 8, 4),
(3209, 73, 9, 4),
(3210, 73, 10, 4),
(3211, 73, 11, 4),
(3212, 73, 12, 4),
(3213, 73, 13, 4),
(3214, 73, 14, 4),
(3215, 73, 15, 5),
(3216, 73, 16, 4),
(3217, 73, 17, 4),
(3218, 73, 18, 4),
(3219, 73, 19, 4),
(3220, 73, 20, 4),
(3221, 73, 21, 5),
(3222, 73, 22, 4),
(3223, 73, 23, 4),
(3224, 73, 24, 4),
(3225, 73, 25, 4),
(3226, 74, 1, 4),
(3227, 74, 2, 4),
(3228, 74, 3, 5),
(3229, 74, 4, 4),
(3230, 74, 5, 5),
(3231, 74, 6, 4),
(3232, 74, 7, 4),
(3233, 74, 8, 5),
(3234, 74, 9, 4),
(3235, 74, 10, 5),
(3236, 74, 11, 5),
(3237, 74, 12, 4),
(3238, 74, 13, 4),
(3239, 74, 14, 5),
(3240, 74, 15, 5),
(3241, 74, 16, 4),
(3242, 74, 17, 4),
(3243, 74, 18, 4),
(3244, 74, 19, 4),
(3245, 74, 20, 4),
(3246, 74, 21, 4),
(3247, 74, 22, 4),
(3248, 74, 23, 4),
(3249, 74, 24, 5),
(3250, 74, 25, 5),
(3251, 75, 1, 4),
(3252, 75, 2, 5),
(3253, 75, 3, 5),
(3254, 75, 4, 4),
(3255, 75, 5, 4),
(3256, 75, 6, 4),
(3257, 75, 7, 4),
(3258, 75, 8, 5),
(3259, 75, 9, 4),
(3260, 75, 10, 5),
(3261, 75, 11, 4),
(3262, 75, 12, 4),
(3263, 75, 13, 4),
(3264, 75, 14, 5),
(3265, 75, 15, 4),
(3266, 75, 16, 4),
(3267, 75, 17, 4),
(3268, 75, 18, 4),
(3269, 75, 19, 5),
(3270, 75, 20, 5),
(3271, 75, 21, 4),
(3272, 75, 22, 4),
(3273, 75, 23, 5),
(3274, 75, 24, 4),
(3275, 75, 25, 4),
(3276, 76, 1, 3),
(3277, 76, 2, 3),
(3278, 76, 3, 3),
(3279, 76, 4, 3),
(3280, 76, 5, 3),
(3281, 76, 6, 3),
(3282, 76, 7, 4),
(3283, 76, 8, 3),
(3284, 76, 9, 3),
(3285, 76, 10, 3),
(3286, 76, 11, 3),
(3287, 76, 12, 3),
(3288, 76, 13, 3),
(3289, 76, 14, 3),
(3290, 76, 15, 3),
(3291, 76, 16, 3),
(3292, 76, 17, 3),
(3293, 76, 18, 3),
(3294, 76, 19, 3),
(3295, 76, 20, 4),
(3296, 76, 21, 3),
(3297, 76, 22, 3),
(3298, 76, 23, 4),
(3299, 76, 24, 4),
(3300, 76, 25, 3),
(3301, 77, 1, 4),
(3302, 77, 2, 3),
(3303, 77, 3, 3),
(3304, 77, 4, 3),
(3305, 77, 5, 3),
(3306, 77, 6, 3),
(3307, 77, 7, 3),
(3308, 77, 8, 3),
(3309, 77, 9, 4),
(3310, 77, 10, 3),
(3311, 77, 11, 3),
(3312, 77, 12, 3),
(3313, 77, 13, 4),
(3314, 77, 14, 3),
(3315, 77, 15, 3),
(3316, 77, 16, 4),
(3317, 77, 17, 3),
(3318, 77, 18, 3),
(3319, 77, 19, 3),
(3320, 77, 20, 3),
(3321, 77, 21, 3),
(3322, 77, 22, 3),
(3323, 77, 23, 3),
(3324, 77, 24, 3),
(3325, 77, 25, 3),
(3326, 78, 1, 3),
(3327, 78, 2, 4),
(3328, 78, 3, 3),
(3329, 78, 4, 4),
(3330, 78, 5, 4),
(3331, 78, 6, 3),
(3332, 78, 7, 3),
(3333, 78, 8, 3),
(3334, 78, 9, 3),
(3335, 78, 10, 3),
(3336, 78, 11, 3),
(3337, 78, 12, 3),
(3338, 78, 13, 3),
(3339, 78, 14, 3),
(3340, 78, 15, 3),
(3341, 78, 16, 3),
(3342, 78, 17, 3),
(3343, 78, 18, 4),
(3344, 78, 19, 4),
(3345, 78, 20, 3),
(3346, 78, 21, 3),
(3347, 78, 22, 3),
(3348, 78, 23, 3),
(3349, 78, 24, 3),
(3350, 78, 25, 3),
(3351, 79, 1, 3),
(3352, 79, 2, 3),
(3353, 79, 3, 3),
(3354, 79, 4, 3),
(3355, 79, 5, 3),
(3356, 79, 6, 3),
(3357, 79, 7, 3),
(3358, 79, 8, 4),
(3359, 79, 9, 3),
(3360, 79, 10, 3),
(3361, 79, 11, 3),
(3362, 79, 12, 3),
(3363, 79, 13, 3),
(3364, 79, 14, 3),
(3365, 79, 15, 4),
(3366, 79, 16, 3),
(3367, 79, 17, 3),
(3368, 79, 18, 3),
(3369, 79, 19, 4),
(3370, 79, 20, 4),
(3371, 79, 21, 3),
(3372, 79, 22, 3),
(3373, 79, 23, 3),
(3374, 79, 24, 3),
(3375, 79, 25, 3),
(3376, 80, 1, 4),
(3377, 80, 2, 3),
(3378, 80, 3, 3),
(3379, 80, 4, 3),
(3380, 80, 5, 3),
(3381, 80, 6, 3),
(3382, 80, 7, 3),
(3383, 80, 8, 3),
(3384, 80, 9, 3),
(3385, 80, 10, 3),
(3386, 80, 11, 4),
(3387, 80, 12, 3),
(3388, 80, 13, 3),
(3389, 80, 14, 3),
(3390, 80, 15, 4),
(3391, 80, 16, 3),
(3392, 80, 17, 3),
(3393, 80, 18, 3),
(3394, 80, 19, 3),
(3395, 80, 20, 3),
(3396, 80, 21, 3),
(3397, 80, 22, 3),
(3398, 80, 23, 4),
(3399, 80, 24, 3),
(3400, 80, 25, 3);

-- --------------------------------------------------------

--
-- Table structure for table `survey_response`
--

CREATE TABLE `survey_response` (
  `id` int(11) NOT NULL,
  `siswa_id` int(11) NOT NULL,
  `guru_id` int(11) NOT NULL,
  `komentar` text DEFAULT NULL,
  `semester` varchar(20) NOT NULL,
  `resume_siswa` text NOT NULL,
  `created_at` timestamp NOT NULL DEFAULT current_timestamp()
) ENGINE=InnoDB DEFAULT CHARSET=utf8mb4 COLLATE=utf8mb4_general_ci;

--
-- Dumping data for table `survey_response`
--

INSERT INTO `survey_response` (`id`, `siswa_id`, `guru_id`, `komentar`, `semester`, `resume_siswa`, `created_at`) VALUES
(1, 3, 1, 'Semoga bisa lebih sering memberikan quiz atau games untuk refresh otak saat pembelajaran.', '2025/2026-1', 'Belajar matematika dengan Pak YONATA sangat menyenangkan. Beliau selalu memberikan contoh soal yang relate dengan kehidupan sehari-hari, jadi lebih mudah dipahami. Pak guru juga tidak pernah marah ketika kami bertanya berkali-kali. Semoga Pak guru terus mengajar di sekolah kami.', '2025-12-21 04:36:20'),
(2, 273, 1, 'Cara mengajar sangat menyenangkan dan tidak membosankan. Semoga tetap semangat mengajar ya Pak/Bu!', '2025/2026-1', 'Pak YONATA mengajar dengan penuh dedikasi. Beliau datang tepat waktu dan menggunakan waktu pelajaran dengan efektif. Penjelasannya sangat jelas dan mudah dimengerti. Saya berharap bisa memiliki nilai matematika yang bagus berkat bimbingan Pak guru.', '2025-12-21 04:36:20'),
(3, 127, 1, 'Suasana kelas menjadi menyenangkan berkat cara mengajar Pak/Bu yang interaktif dan tidak kaku.', '2025/2026-1', 'Menurut saya, Pak YONATA adalah guru yang sangat menguasai materi. Beliau bisa menjawab semua pertanyaan kami dengan jelas. Cara mengajarnya juga asik, tidak membosankan. Saya jadi lebih termotivasi untuk belajar matematika.', '2025-12-21 04:36:20'),
(4, 150, 1, 'Terima kasih sudah sabar mengajar kami. Semoga Pak/Bu selalu sehat dan bisa terus membimbing kami.', '2025/2026-1', 'Pak YONATA adalah role model bagi saya. Beliau tidak hanya mengajar matematika, tapi juga mengajarkan nilai-nilai kehidupan. Beliau selalu memberi semangat kepada kami untuk terus belajar dan meraih cita-cita. Terima kasih banyak Pak guru!', '2025-12-21 04:36:20'),
(5, 148, 1, NULL, '2025/2026-1', 'Pak YONATA adalah guru matematika terbaik yang pernah saya temui. Beliau menjelaskan dengan sangat detail dan sabar. Saya yang awalnya tidak suka matematika, sekarang mulai menikmati pelajaran ini. Beliau juga sering memberi motivasi agar kami tidak menyerah walau soalnya sulit. Terima kasih Pak guru!', '2025-12-21 04:36:20'),
(6, 184, 2, 'Mungkin bisa lebih strict dalam hal kedisiplinan agar kelas lebih kondusif.', '2025/2026-1', 'Pak DEDI adalah guru yang fun dan friendly. Beliau sering menggunakan lagu-lagu bahasa Inggris untuk mengajar vocabulary. Cara mengajar beliau sangat kreatif dan membuat kami semangat belajar. I love English class with Pak DEDI!', '2025-12-21 04:36:20'),
(7, 207, 2, 'Pak/Bu guru selalu ramah dan mudah didekati. Kami tidak takut untuk bertanya jika ada yang tidak dimengerti.', '2025/2026-1', 'Menurut saya Pak DEDI adalah guru yang baik. Beliau selalu datang tepat waktu dan membuat pelajaran bahasa Inggris menjadi menarik. Pak guru juga sering memberi feedback positif yang membuat kami lebih percaya diri untuk berbicara bahasa Inggris.', '2025-12-21 04:36:20'),
(8, 90, 2, 'Materi yang disampaikan sudah sesuai dengan kurikulum. Terima kasih Pak/Bu.', '2025/2026-1', 'Pak DEDI mengajar dengan penuh semangat. Beliau tidak hanya fokus pada grammar, tapi juga mengajarkan conversation practice. Saya jadi lebih berani untuk ngomong bahasa Inggris. Thank you Pak guru!', '2025-12-21 04:36:20'),
(9, 274, 2, 'Mungkin bisa lebih banyak memberikan contoh soal untuk latihan. Terima kasih Pak/Bu!', '2025/2026-1', 'Saya suka dengan cara Pak DEDI mengajar. Beliau selalu membuat suasana kelas menjadi ceria dan tidak tegang. Pak guru juga peduli dengan progress kami dan selalu memberi motivasi. Semoga Pak guru terus mengajar di sini.', '2025-12-21 04:36:21'),
(10, 32, 2, NULL, '2025/2026-1', 'Belajar bahasa Inggris dengan Pak DEDI tidak pernah membosankan. Beliau sangat energik dan membuat kelas menjadi hidup. Kami sering bermain games sambil belajar, jadi lebih enjoy. Pak guru juga sangat approachable, jadi kami tidak takut untuk bertanya.', '2025-12-21 04:36:21'),
(11, 104, 3, 'Semoga kedepannya bisa lebih banyak praktik dan diskusi di kelas.', '2025/2026-1', 'Belajar agama Katolik dengan Ibu MARSELINA sangat menyenangkan. Beliau menjelaskan dengan sabar dan mudah dipahami. Ibu guru juga sering sharing pengalaman hidup yang menginspirasi kami. Saya sangat beruntung bisa diajar oleh Ibu guru.', '2025-12-21 04:36:21'),
(12, 89, 3, NULL, '2025/2026-1', 'Ibu MARSELINA adalah guru yang baik hati. Beliau selalu mendengarkan keluhan kami dan memberi solusi yang bijaksana. Cara mengajar beliau juga tidak membosankan, sering diselingi dengan cerita-cerita yang menarik.', '2025-12-21 04:36:21'),
(13, 161, 3, 'Semoga kedepannya bisa lebih banyak praktik dan diskusi di kelas.', '2025/2026-1', 'Menurut saya, Ibu MARSELINA adalah guru yang ideal. Beliau tidak hanya mengajar materi pelajaran, tapi juga membentuk karakter kami. Ibu guru selalu memberi motivasi dan membuat kami percaya pada kemampuan diri sendiri.', '2025-12-21 04:36:21'),
(14, 228, 3, 'Mungkin bisa lebih strict dalam hal kedisiplinan agar kelas lebih kondusif.', '2025/2026-1', 'Ibu MARSELINA mengajar dengan penuh dedikasi. Beliau sangat sabar dalam menghadapi siswa yang nakal sekalipun. Ibu guru juga sering memberi apresiasi kepada kami yang berusaha, walaupun nilainya belum sempurna. Terima kasih Bu guru!', '2025-12-21 04:36:21'),
(15, 81, 3, 'Sudah baik, tapi mungkin bisa lebih pelan saat menjelaskan materi yang sulit.', '2025/2026-1', 'Ibu MARSELINA adalah guru yang sangat perhatian kepada siswa. Beliau tidak hanya mengajar agama, tapi juga peduli dengan kehidupan pribadi kami. Ibu guru sering menasehati kami dengan lembut dan penuh kasih sayang. Terima kasih Bu guru!', '2025-12-21 04:36:21'),
(16, 180, 4, 'Terima kasih atas bimbingannya selama semester ini Pak/Bu.', '2025/2026-1', 'Belajar matematika dengan Ibu DRA. membuat saya lebih disiplin. Beliau tidak main-main dalam mengajar dan selalu menuntut yang terbaik dari kami. Ibu guru juga memberikan nilai yang adil sesuai dengan usaha kami.', '2025-12-21 04:36:21'),
(17, 85, 4, 'Cara mengajar sangat menyenangkan dan tidak membosankan. Semoga tetap semangat mengajar ya Pak/Bu!', '2025/2026-1', 'Ibu DRA. adalah guru yang konsisten. Beliau menegakkan aturan dengan tegas tanpa pilih kasih. Walaupun saya kadang merasa tertekan dengan standar yang tinggi, tapi saya tahu ini untuk kebaikan kami. Terima kasih Bu guru sudah mendisiplinkan kami.', '2025-12-21 04:36:21'),
(18, 91, 4, NULL, '2025/2026-1', 'Menurut saya, Ibu DRA. adalah guru yang profesional. Beliau sangat menguasai materi dan mengajar dengan serius. Ibu guru juga tidak segan untuk menegur siswa yang tidak fokus. Saya jadi lebih berhati-hati dan fokus di kelas beliau.', '2025-12-21 04:36:21'),
(19, 28, 4, 'Materi yang disampaikan sudah sesuai dengan kurikulum. Terima kasih Pak/Bu.', '2025/2026-1', 'Ibu DRA. mengajar dengan penuh tanggung jawab. Beliau selalu datang tepat waktu dan menggunakan waktu dengan efektif. Walaupun beliau terlihat strict, tapi saya respect karena beliau menjadi contoh yang baik dalam hal kedisiplinan.', '2025-12-21 04:36:21'),
(20, 84, 4, 'Pak/Bu guru selalu ramah dan mudah didekati. Kami tidak takut untuk bertanya jika ada yang tidak dimengerti.', '2025/2026-1', 'Ibu DRA. adalah guru yang tegas tapi adil. Beliau sangat disiplin dalam hal waktu dan tugas. Walaupun kadang terlihat galak, tapi Ibu guru sebenarnya baik dan peduli dengan kemajuan kami. Saya belajar banyak tentang kedisiplinan dari Ibu guru.', '2025-12-21 04:36:21'),
(21, 119, 5, 'Sudah baik, tapi mungkin bisa lebih pelan saat menjelaskan materi yang sulit.', '2025/2026-1', 'Belajar IPS dengan Pak BEATUS lumayan menyenangkan. Pak guru datang tepat waktu dan menjelaskan materi dengan jelas. Saya berharap Pak guru bisa lebih kreatif dalam mengajar agar kelas lebih hidup.', '2025-12-21 04:36:21'),
(22, 274, 5, 'Semoga bisa lebih sering memberikan quiz atau games untuk refresh otak saat pembelajaran.', '2025/2026-1', 'Pak BEATUS adalah guru yang baik. Beliau menguasai materi IPS dengan baik dan memberikan nilai yang adil. Pak guru juga cukup approachable, jadi kami tidak takut untuk bertanya.', '2025-12-21 04:36:22'),
(23, 259, 5, 'Semoga kedepannya bisa lebih banyak praktik dan diskusi di kelas.', '2025/2026-1', 'Menurut saya, Pak BEATUS mengajar dengan standar. Beliau tidak terlalu strict tapi juga tidak terlalu santai. Pak guru memberikan tugas yang cukup dan sesuai dengan kemampuan kami.', '2025-12-21 04:36:22'),
(24, 186, 5, 'Mungkin bisa lebih banyak memberikan contoh soal untuk latihan. Terima kasih Pak/Bu!', '2025/2026-1', 'Pak BEATUS adalah guru yang oke. Penjelasannya cukup jelas dan beliau juga peduli dengan nilai kami. Hanya saja saya berharap Pak guru bisa lebih variatif dalam metode mengajar.', '2025-12-21 04:36:22'),
(25, 122, 5, 'Guru yang sangat berdedikasi. Selalu memberikan yang terbaik untuk siswa-siswanya.', '2025/2026-1', 'Pak BEATUS mengajar IPS dengan cukup baik. Penjelasan beliau mudah dipahami dan beliau juga sabar dalam menjawab pertanyaan kami. Hanya saja kadang metode mengajarnya monoton, jadi agak boring. Tapi overall Pak guru baik.', '2025-12-21 04:36:22'),
(26, 35, 6, 'Cara mengajar sangat inspiring. Membuat kami lebih tertarik untuk belajar mata pelajaran ini.', '2025/2026-1', 'Belajar PKn dengan Pak ELIAMAN cukup menarik. Beliau menggunakan metode diskusi kelompok yang membuat kami lebih aktif. Pak guru juga adil dalam memberikan nilai dan tidak pilih kasih.', '2025-12-21 04:36:22'),
(27, 152, 6, 'Penjelasan materi sangat jelas dan detail. Terima kasih sudah membimbing kami dengan baik.', '2025/2026-1', 'Pak ELIAMAN mengajar dengan baik. Beliau datang tepat waktu dan menggunakan waktu pelajaran dengan efektif. Pak guru juga sering memberi motivasi kepada kami untuk menjadi warga negara yang baik.', '2025-12-21 04:36:22'),
(28, 198, 6, 'Metode pembelajaran yang digunakan sangat kreatif. Materi yang sulit jadi lebih mudah dipahami.', '2025/2026-1', 'Menurut saya, Pak ELIAMAN adalah guru yang kompeten. Beliau menguasai materi PKn dan mampu menjelaskan dengan bahasa yang mudah dipahami. Pak guru juga menciptakan suasana kelas yang nyaman.', '2025-12-21 04:36:22'),
(29, 57, 6, NULL, '2025/2026-1', 'Pak ELIAMAN adalah guru yang asyik. Beliau sering bercerita tentang pengalamannya yang relate dengan materi PKn. Pak guru juga peduli dengan perkembangan kami dan selalu memberi feedback yang membangun.', '2025-12-21 04:36:22'),
(30, 103, 6, 'Cara mengajar sangat menyenangkan dan tidak membosankan. Semoga tetap semangat mengajar ya Pak/Bu!', '2025/2026-1', 'Pak ELIAMAN adalah guru PKn yang baik. Beliau menjelaskan materi dengan jelas dan sering mengaitkan dengan isu-isu terkini. Pak guru juga memberi kesempatan kepada kami untuk berdiskusi dan menyampaikan pendapat.', '2025-12-21 04:36:22'),
(31, 291, 7, 'Terima kasih sudah sabar mengajar kami. Semoga Pak/Bu selalu sehat dan bisa terus membimbing kami.', '2025/2026-1', 'Belajar PKn dengan Bu NURIATI lumayan. Bu guru baik, tapi cara mengajarnya agak membosankan. Saya berharap Bu guru bisa lebih kreatif dalam mengajar agar kami lebih semangat.', '2025-12-21 04:36:22'),
(32, 166, 7, 'Sudah baik, tapi mungkin bisa lebih pelan saat menjelaskan materi yang sulit.', '2025/2026-1', 'Bu NURIATI adalah guru yang baik hati, tapi kadang kurang tegas. Ada beberapa siswa yang suka gaduh di kelas dan Bu guru sepertinya kesulitan mengontrol kelas. Tapi Bu guru tetap berusaha yang terbaik.', '2025-12-21 04:36:22'),
(33, 204, 7, 'Pembelajaran sudah bagus, namun alangkah baiknya jika bisa lebih interaktif lagi.', '2025/2026-1', 'Menurut saya, Bu NURIATI perlu lebih prepare sebelum mengajar. Kadang beliau terlihat kurang menguasai materi dan harus sering melihat buku. Tapi saya appreciate usaha Bu guru dalam mengajar kami.', '2025-12-21 04:36:22'),
(34, 8, 7, 'Materi yang disampaikan sudah sesuai dengan kurikulum. Terima kasih Pak/Bu.', '2025/2026-1', 'Bu NURIATI mengajar dengan cukup. Beliau baik kepada siswa, tapi kadang kurang konsisten dalam menegakkan aturan kelas. Saya berharap Bu guru bisa lebih assertive.', '2025-12-21 04:36:22'),
(35, 283, 7, NULL, '2025/2026-1', 'Bu NURIATI mengajar PKn dengan cukup baik, tapi kadang penjelasannya kurang jelas. Saya sering harus bertanya berkali-kali untuk memahami materi. Bu guru juga kadang terlambat masuk kelas.', '2025-12-21 04:36:23'),
(36, 194, 8, 'Semoga bisa lebih sering memberikan quiz atau games untuk refresh otak saat pembelajaran.', '2025/2026-1', 'Belajar TIK dengan Bu DEWI sangat menyenangkan. Beliau tidak hanya mengajar teori, tapi juga praktik langsung. Bu guru juga sangat sabar dalam membimbing kami yang masih awam dengan teknologi.', '2025-12-21 04:36:23'),
(37, 64, 8, 'Suasana kelas menjadi menyenangkan berkat cara mengajar Pak/Bu yang interaktif dan tidak kaku.', '2025/2026-1', 'Bu DEWI adalah guru favorit saya! Beliau mengajar dengan metode yang modern dan interaktif. Bu guru juga sering sharing tips-tips teknologi yang berguna untuk kehidupan sehari-hari.', '2025-12-21 04:36:23'),
(38, 192, 8, 'Pak/Bu guru selalu ramah dan mudah didekati. Kami tidak takut untuk bertanya jika ada yang tidak dimengerti.', '2025/2026-1', 'Menurut saya, Bu DEWI adalah guru yang sangat kompeten di bidangnya. Beliau menjelaskan materi TIK dengan sangat jelas dan mudah dipahami. Bu guru juga selalu memberi motivasi kepada kami untuk terus belajar teknologi.', '2025-12-21 04:36:23'),
(39, 65, 8, 'Pembelajaran sudah bagus, namun alangkah baiknya jika bisa lebih interaktif lagi.', '2025/2026-1', 'Bu DEWI mengajar dengan penuh passion. Beliau sangat antusias dan membuat pelajaran TIK menjadi sangat fun. Saya jadi lebih tertarik dengan dunia teknologi berkat Bu guru.', '2025-12-21 04:36:23'),
(40, 147, 8, 'Terima kasih sudah sabar mengajar kami. Semoga Pak/Bu selalu sehat dan bisa terus membimbing kami.', '2025/2026-1', 'Bu DEWI adalah guru TIK yang luar biasa! Beliau sangat menguasai teknologi dan selalu update dengan perkembangan terbaru. Pelajaran TIK jadi sangat menarik karena kami belajar hal-hal yang praktis dan berguna.', '2025-12-21 04:36:23'),
(41, 168, 9, NULL, '2025/2026-1', 'Belajar agama Kristen dengan Bu YARNIWATI sangat bermakna. Beliau menjelaskan dengan hati dan membuat kami benar-benar memahami esensi dari setiap pembelajaran. Bu guru adalah role model bagi saya.', '2025-12-21 04:36:23'),
(42, 93, 9, 'Cara mengajar sangat inspiring. Membuat kami lebih tertarik untuk belajar mata pelajaran ini.', '2025/2026-1', 'Bu YARNIWATI adalah guru yang luar biasa. Beliau selalu memberi semangat kepada kami untuk tidak menyerah menghadapi tantangan hidup. Bu guru juga sangat peduli dengan kehidupan spiritual kami.', '2025-12-21 04:36:23'),
(43, 274, 9, 'Terima kasih sudah sabar mengajar kami. Semoga Pak/Bu selalu sehat dan bisa terus membimbing kami.', '2025/2026-1', 'Menurut saya, Bu YARNIWATI adalah guru yang sangat bijaksana. Beliau selalu punya jawaban untuk setiap pertanyaan kami tentang kehidupan. Bu guru juga sangat approachable dan mudah diajak sharing.', '2025-12-21 04:36:23'),
(44, 38, 9, 'Guru yang sangat berdedikasi. Selalu memberikan yang terbaik untuk siswa-siswanya.', '2025/2026-1', 'Bu YARNIWATI mengajar dengan penuh cinta kasih. Beliau membuat kami merasa dihargai dan didukung. Bu guru juga selalu mendorong kami untuk percaya pada kemampuan diri sendiri. Terima kasih Bu guru!', '2025-12-21 04:36:23'),
(45, 245, 9, 'Pak/Bu guru sangat baik dalam menjelaskan materi. Saya jadi lebih mudah memahami pelajaran. Terima kasih!', '2025/2026-1', 'Bu YARNIWATI adalah guru yang sangat menginspirasi. Beliau tidak hanya mengajar agama Kristen, tapi juga membentuk karakter kami. Bu guru sering sharing cerita-cerita yang memotivasi kami untuk menjadi pribadi yang lebih baik.', '2025-12-21 04:36:23'),
(46, 276, 10, NULL, '2025/2026-1', 'Belajar PJOK dengan Pak SOLIDARMAN tidak pernah membosankan. Beliau selalu punya ide-ide game yang seru. Pak guru juga sangat fair dalam menilai dan tidak pilih kasih. Saya suka banget pelajaran PJOK!', '2025-12-21 04:36:23'),
(47, 154, 10, 'Semoga bisa lebih sering memberikan quiz atau games untuk refresh otak saat pembelajaran.', '2025/2026-1', 'Pak SOLIDARMAN adalah guru yang fun dan friendly. Beliau tidak hanya mengajar olahraga, tapi juga mengajarkan pentingnya hidup sehat. Pak guru juga selalu memberi motivasi kepada kami untuk terus aktif bergerak.', '2025-12-21 04:36:24'),
(48, 156, 10, NULL, '2025/2026-1', 'Menurut saya, Pak SOLIDARMAN adalah guru PJOK terbaik. Beliau sangat bersemangat dan membuat kami ikut bersemangat juga. Pak guru juga peduli dengan kemampuan individual kami dan tidak memaksa yang tidak bisa.', '2025-12-21 04:36:24'),
(49, 8, 10, 'Cara mengajar sangat inspiring. Membuat kami lebih tertarik untuk belajar mata pelajaran ini.', '2025/2026-1', 'Pak SOLIDARMAN mengajar dengan penuh antusiasme. Beliau membuat pelajaran PJOK menjadi highlight di jadwal kami. Pak guru juga sering memberi apresiasi kepada kami yang berusaha, walaupun hasil belum maksimal.', '2025-12-21 04:36:24'),
(50, 73, 10, 'Materi yang disampaikan sudah sesuai dengan kurikulum. Terima kasih Pak/Bu.', '2025/2026-1', 'Pak SOLIDARMAN adalah guru PJOK yang paling asik! Beliau sangat energik dan membuat pelajaran olahraga menjadi sangat menyenangkan. Pak guru juga sering mengajarkan nilai-nilai sportivitas dan kerja sama tim.', '2025-12-21 04:36:24'),
(51, 249, 11, 'Mungkin bisa lebih strict dalam hal kedisiplinan agar kelas lebih kondusif.', '2025/2026-1', 'Belajar IPS dengan Bu CLARA sangat menarik. Beliau tidak hanya menjelaskan teori, tapi juga mengajak kami untuk critical thinking. Bu guru juga sering membawa guest speaker atau mengadakan field trip.', '2025-12-21 04:36:24'),
(52, 182, 11, 'Semoga kedepannya bisa lebih banyak praktik dan diskusi di kelas.', '2025/2026-1', 'Bu CLARA adalah guru yang baik dan kreatif. Beliau selalu punya ide-ide fresh dalam mengajar. Bu guru juga sangat approachable dan sering memotivasi kami untuk terus belajar.', '2025-12-21 04:36:24'),
(53, 217, 11, 'Terima kasih sudah sabar mengajar kami. Semoga Pak/Bu selalu sehat dan bisa terus membimbing kami.', '2025/2026-1', 'Menurut saya, Bu CLARA adalah guru yang kompeten. Beliau menguasai materi IPS dengan baik dan mampu menyampaikan dengan cara yang menarik. Bu guru juga peduli dengan progress kami.', '2025-12-21 04:36:24'),
(54, 216, 11, 'Secara keseluruhan pembelajaran sudah berjalan dengan baik.', '2025/2026-1', 'Bu CLARA mengajar dengan penuh dedikasi. Beliau selalu prepare dengan baik sebelum mengajar dan membuat learning experience yang bermakna. Saya jadi lebih suka pelajaran IPS berkat Bu guru.', '2025-12-21 04:36:24'),
(55, 272, 11, NULL, '2025/2026-1', 'Bu CLARA adalah guru IPS yang kreatif. Beliau sering menggunakan metode pembelajaran yang inovatif seperti role play dan project-based learning. Pelajaran IPS jadi tidak membosankan berkat Bu guru.', '2025-12-21 04:36:24'),
(56, 157, 12, 'Cara mengajar sangat inspiring. Membuat kami lebih tertarik untuk belajar mata pelajaran ini.', '2025/2026-1', 'Belajar TIK dengan Pak ERWIN sangat enjoyable. Beliau tidak kaku dan mudah diajak berdiskusi. Pak guru juga sering sharing tentang dunia teknologi dan membuka wawasan kami.', '2025-12-21 04:36:24'),
(57, 166, 12, NULL, '2025/2026-1', 'Pak ERWIN adalah guru yang innovative. Beliau selalu mencoba metode-metode baru dalam mengajar. Pak guru juga sangat patient dalam membimbing kami yang kurang paham teknologi.', '2025-12-21 04:36:24'),
(58, 63, 12, NULL, '2025/2026-1', 'Menurut saya, Pak ERWIN adalah guru yang cool. Beliau bisa connect dengan siswa dengan baik karena gap umur tidak terlalu jauh. Pak guru juga sangat kompeten di bidangnya.', '2025-12-21 04:36:25'),
(59, 192, 12, NULL, '2025/2026-1', 'Pak ERWIN mengajar dengan style yang fresh. Beliau membuat pelajaran TIK menjadi sangat relevant dengan kehidupan kami. Pak guru juga selalu mendorong kami untuk explore lebih jauh tentang teknologi.', '2025-12-21 04:36:25'),
(60, 272, 12, 'Guru yang sangat sabar dan perhatian kepada siswa. Selalu memberikan motivasi untuk belajar lebih giat.', '2025/2026-1', 'Pak ERWIN adalah guru TIK yang keren! Beliau masih muda dan sangat update dengan teknologi terkini. Pak guru mengajar dengan metode yang modern dan membuat kami antusias belajar teknologi.', '2025-12-21 04:36:25'),
(61, 218, 13, 'Terima kasih sudah sabar mengajar kami. Semoga Pak/Bu selalu sehat dan bisa terus membimbing kami.', '2025/2026-1', 'Belajar IPA dengan Bu BERTHA sangat bermanfaat. Beliau selalu memberikan contoh-contoh nyata yang membuat kami memahami konsep-konsep abstrak. Bu guru juga sering mengadakan eksperimen yang seru.', '2025-12-21 04:36:25'),
(62, 127, 13, NULL, '2025/2026-1', 'Bu BERTHA adalah guru yang expert di bidangnya. Beliau tidak hanya mengajar teori, tapi juga aplikasi praktisnya. Bu guru juga sangat sabar dalam menjelaskan materi yang sulit.', '2025-12-21 04:36:25'),
(63, 233, 13, 'Pak/Bu guru sangat baik dalam menjelaskan materi. Saya jadi lebih mudah memahami pelajaran. Terima kasih!', '2025/2026-1', 'Menurut saya, Bu BERTHA adalah guru IPA terbaik. Beliau memiliki cara mengajar yang sistematis dan mudah diikuti. Bu guru juga selalu memberi motivasi kepada kami untuk suka dengan sains.', '2025-12-21 04:36:25'),
(64, 39, 13, 'Pembelajaran sudah cukup baik. Semoga kedepannya bisa lebih baik lagi.', '2025/2026-1', 'Bu BERTHA mengajar dengan penuh penguasaan materi. Beliau membuat pelajaran IPA menjadi interesting dan tidak menakutkan. Bu guru juga peduli dengan pemahaman kami dan selalu ready untuk explain ulang.', '2025-12-21 04:36:25'),
(65, 155, 13, NULL, '2025/2026-1', 'Bu BERTHA adalah guru IPA yang sangat knowledgeable. Beliau menguasai materi dengan sangat baik dan bisa menjawab semua pertanyaan kami dengan detail. Pelajaran IPA jadi lebih mudah dipahami berkat Bu guru.', '2025-12-21 04:36:25'),
(66, 27, 14, 'Penjelasan materi sangat jelas dan detail. Terima kasih sudah membimbing kami dengan baik.', '2025/2026-1', 'Belajar agama Islam dengan Bu SRI sangat menyenangkan. Beliau mengajar dengan penuh kasih sayang dan membuat kami merasa nyaman. Bu guru juga sering memberi nasihat-nasihat yang bermanfaat.', '2025-12-21 04:36:25'),
(67, 232, 14, NULL, '2025/2026-1', 'Bu SRI adalah guru yang baik hati. Beliau tidak hanya mengajar materi pelajaran, tapi juga membimbing kami secara spiritual. Bu guru juga sangat understanding terhadap kondisi kami.', '2025-12-21 04:36:25'),
(68, 272, 14, NULL, '2025/2026-1', 'Menurut saya, Bu SRI adalah guru yang ideal. Beliau memiliki kesabaran yang luar biasa dalam menghadapi siswa. Bu guru juga selalu memberi apresiasi kepada kami yang berusaha.', '2025-12-21 04:36:25'),
(69, 49, 14, NULL, '2025/2026-1', 'Bu SRI mengajar dengan penuh perhatian. Beliau sangat care dengan perkembangan kami, baik secara akademik maupun karakter. Bu guru adalah sosok ibu yang baik bagi kami di sekolah.', '2025-12-21 04:36:25'),
(70, 91, 14, 'Pembelajaran sudah bagus, namun alangkah baiknya jika bisa lebih interaktif lagi.', '2025/2026-1', 'Bu SRI adalah guru agama Islam yang sangat sabar. Beliau menjelaskan materi dengan lembut dan tidak pernah marah ketika kami tidak paham. Bu guru juga sangat peduli dengan kondisi pribadi kami.', '2025-12-21 04:36:25'),
(71, 264, 15, 'Terima kasih sudah sabar mengajar kami. Semoga Pak/Bu selalu sehat dan bisa terus membimbing kami.', '2025/2026-1', 'Belajar bahasa Indonesia dengan Bu HENY sangat enjoyable. Beliau tidak hanya mengajar grammar, tapi juga mengajarkan appreciationterhadap sastra Indonesia. Bu guru juga sangat supportive terhadap kreativitas kami.', '2025-12-21 04:36:26'),
(72, 251, 15, NULL, '2025/2026-1', 'Bu HENY adalah guru yang luar biasa. Beliau menguasai materi dengan sempurna dan mampu menyampaikan dengan cara yang mudah dipahami. Bu guru juga selalu memberi feedback yang konstruktif.', '2025-12-21 04:36:26'),
(73, 66, 15, 'Mungkin bisa lebih banyak memberikan contoh soal untuk latihan. Terima kasih Pak/Bu!', '2025/2026-1', 'Menurut saya, Bu HENY adalah guru favorit di sekolah. Beliau memiliki personality yang menyenangkan dan membuat kami semangat belajar. Bu guru juga sangat peduli dengan progress individual kami.', '2025-12-21 04:36:26'),
(74, 6, 15, NULL, '2025/2026-1', 'Bu HENY mengajar dengan excellence. Beliau adalah role model dalam hal profesionalisme dan dedikasi. Bu guru membuat kami bangga belajar bahasa Indonesia.', '2025-12-21 04:36:26'),
(75, 14, 15, NULL, '2025/2026-1', 'Bu HENY adalah guru bahasa Indonesia terbaik! Beliau mengajar dengan sangat baik dan membuat pelajaran bahasa Indonesia menjadi sangat menarik. Bu guru juga sangat kreatif dalam memberikan tugas-tugas yang fun.', '2025-12-21 04:36:26'),
(76, 44, 16, 'Mungkin bisa lebih banyak memberikan contoh soal untuk latihan. Terima kasih Pak/Bu!', '2025/2026-1', 'Belajar bahasa Inggris dengan Pak NIGUENTS lumayan challenging. Pak guru memiliki standar yang cukup tinggi dan tidak mudah memberi nilai bagus. Tapi saya jadi lebih serius belajar bahasa Inggris.', '2025-12-21 04:36:26'),
(77, 57, 16, 'Penjelasan materi sangat jelas dan detail. Terima kasih sudah membimbing kami dengan baik.', '2025/2026-1', 'Pak NIGUENTS adalah guru yang cukup tegas. Beliau tidak terlalu banyak jokes di kelas dan fokus pada pembelajaran. Pak guru juga cukup konsisten dalam menegakkan aturan kelas.', '2025-12-21 04:36:26'),
(78, 228, 16, 'Cara mengajar sangat menyenangkan dan tidak membosankan. Semoga tetap semangat mengajar ya Pak/Bu!', '2025/2026-1', 'Menurut saya, Pak NIGUENTS perlu lebih approachable. Pak guru terlihat agak intimidating sehingga kami kadang takut untuk bertanya. Tapi Pak guru sebenarnya baik dan menguasai materinya.', '2025-12-21 04:36:26'),
(79, 280, 16, 'Semoga bisa lebih sering memberikan quiz atau games untuk refresh otak saat pembelajaran.', '2025/2026-1', 'Pak NIGUENTS mengajar dengan serius. Beliau kurang variatif dalam metode mengajar, jadi kadang agak monoton. Tapi saya appreciate dedication Pak guru dalam mengajar kami.', '2025-12-21 04:36:26'),
(80, 22, 16, 'Pembelajaran sudah bagus, namun alangkah baiknya jika bisa lebih interaktif lagi.', '2025/2026-1', 'Pak NIGUENTS mengajar bahasa Inggris dengan cukup baik. Pak guru cukup strict dalam hal grammar dan pronunciation, kadang membuat kami agak nervous. Tapi saya tahu ini untuk kebaikan kami.', '2025-12-21 04:36:26');

-- --------------------------------------------------------

--
-- Table structure for table `unit_sekolah`
--

CREATE TABLE `unit_sekolah` (
  `id` int(11) NOT NULL,
  `nama_unit` varchar(100) NOT NULL,
  `jenjang` enum('SD','SMP','SMA','SMK') NOT NULL,
  `created_at` timestamp NOT NULL DEFAULT current_timestamp()
) ENGINE=InnoDB DEFAULT CHARSET=utf8mb4 COLLATE=utf8mb4_general_ci;

--
-- Dumping data for table `unit_sekolah`
--

INSERT INTO `unit_sekolah` (`id`, `nama_unit`, `jenjang`, `created_at`) VALUES
(1, 'SMP Swasta Pembda 2 Gunungsitoli', 'SMP', '2025-12-21 04:06:17');

-- --------------------------------------------------------

--
-- Table structure for table `users`
--

CREATE TABLE `users` (
  `id` int(11) NOT NULL,
  `username` varchar(100) NOT NULL,
  `password` varchar(255) NOT NULL,
  `role` enum('super_admin','admin_sekolah','kepala_sekolah','siswa','guru') NOT NULL,
  `ref_id` int(11) DEFAULT NULL,
  `unit_sekolah_id` int(11) DEFAULT NULL,
  `must_change_password` tinyint(1) DEFAULT 0,
  `created_at` timestamp NOT NULL DEFAULT current_timestamp()
) ENGINE=InnoDB DEFAULT CHARSET=utf8mb4 COLLATE=utf8mb4_general_ci;

--
-- Dumping data for table `users`
--

INSERT INTO `users` (`id`, `username`, `password`, `role`, `ref_id`, `unit_sekolah_id`, `must_change_password`, `created_at`) VALUES
(1, 'superadmin', '$2y$10$uuVwund/sQhJFvmZ5kHJj.OpxDuQ/kPFrEIX2AiHBja3E.XEW5w3q', 'super_admin', NULL, NULL, 0, '2025-12-21 03:56:28'),
(2, '1451768669130080', '$2y$10$JZtlQAul8ljYeNUd5Ick5u0xQFlB2TxaPVH7PtQYaGdtKq48IY0gq', 'guru', 1, 1, 0, '2025-12-21 04:06:18'),
(3, '0056769670130083', '$2y$10$JZtlQAul8ljYeNUd5Ick5u0xQFlB2TxaPVH7PtQYaGdtKq48IY0gq', 'guru', 2, 1, 0, '2025-12-21 04:06:18'),
(4, '1534746650300020', '$2y$10$JZtlQAul8ljYeNUd5Ick5u0xQFlB2TxaPVH7PtQYaGdtKq48IY0gq', 'guru', 3, 1, 0, '2025-12-21 04:06:18'),
(5, '0549745647300052', '$2y$10$JZtlQAul8ljYeNUd5Ick5u0xQFlB2TxaPVH7PtQYaGdtKq48IY0gq', 'guru', 4, 1, 0, '2025-12-21 04:06:18'),
(6, '1834757663200000', '$2y$10$JZtlQAul8ljYeNUd5Ick5u0xQFlB2TxaPVH7PtQYaGdtKq48IY0gq', 'guru', 5, 1, 0, '2025-12-21 04:06:18'),
(7, '7247764666130150', '$2y$10$JZtlQAul8ljYeNUd5Ick5u0xQFlB2TxaPVH7PtQYaGdtKq48IY0gq', 'guru', 6, 1, 0, '2025-12-21 04:06:18'),
(8, 'GTK001', '$2y$10$JZtlQAul8ljYeNUd5Ick5u0xQFlB2TxaPVH7PtQYaGdtKq48IY0gq', 'guru', 7, 1, 0, '2025-12-21 04:06:18'),
(9, '4042772673130070', '$2y$10$JZtlQAul8ljYeNUd5Ick5u0xQFlB2TxaPVH7PtQYaGdtKq48IY0gq', 'guru', 8, 1, 0, '2025-12-21 04:06:18'),
(10, '2447764665230240', '$2y$10$JZtlQAul8ljYeNUd5Ick5u0xQFlB2TxaPVH7PtQYaGdtKq48IY0gq', 'guru', 9, 1, 0, '2025-12-21 04:06:18'),
(11, '7647767668130260', '$2y$10$JZtlQAul8ljYeNUd5Ick5u0xQFlB2TxaPVH7PtQYaGdtKq48IY0gq', 'guru', 10, 1, 0, '2025-12-21 04:06:18'),
(12, '0447774675230053', '$2y$10$JZtlQAul8ljYeNUd5Ick5u0xQFlB2TxaPVH7PtQYaGdtKq48IY0gq', 'guru', 11, 1, 0, '2025-12-21 04:06:18'),
(13, 'GTK002', '$2y$10$JZtlQAul8ljYeNUd5Ick5u0xQFlB2TxaPVH7PtQYaGdtKq48IY0gq', 'guru', 12, 1, 0, '2025-12-21 04:06:18'),
(14, '9735775676230130', '$2y$10$JZtlQAul8ljYeNUd5Ick5u0xQFlB2TxaPVH7PtQYaGdtKq48IY0gq', 'guru', 13, 1, 0, '2025-12-21 04:06:18'),
(15, '2734777678230050', '$2y$10$JZtlQAul8ljYeNUd5Ick5u0xQFlB2TxaPVH7PtQYaGdtKq48IY0gq', 'guru', 14, 1, 0, '2025-12-21 04:06:18'),
(16, '5762777678230050', '$2y$10$JZtlQAul8ljYeNUd5Ick5u0xQFlB2TxaPVH7PtQYaGdtKq48IY0gq', 'guru', 15, 1, 0, '2025-12-21 04:06:18'),
(17, 'GTK003', '$2y$10$JZtlQAul8ljYeNUd5Ick5u0xQFlB2TxaPVH7PtQYaGdtKq48IY0gq', 'guru', 16, 1, 0, '2025-12-21 04:06:18'),
(18, '6891', '$2y$10$jAzuJa0MXk5kIO1EfDUVJOWWNqZK2r6mq/8LvSd/ZFdYI.GNMAawW', 'siswa', 1, 1, 1, '2025-12-21 04:06:18'),
(19, '6893', '$2y$10$jAzuJa0MXk5kIO1EfDUVJOWWNqZK2r6mq/8LvSd/ZFdYI.GNMAawW', 'siswa', 2, 1, 1, '2025-12-21 04:06:18'),
(20, '6895', '$2y$10$jAzuJa0MXk5kIO1EfDUVJOWWNqZK2r6mq/8LvSd/ZFdYI.GNMAawW', 'siswa', 3, 1, 1, '2025-12-21 04:06:18'),
(21, '6899', '$2y$10$jAzuJa0MXk5kIO1EfDUVJOWWNqZK2r6mq/8LvSd/ZFdYI.GNMAawW', 'siswa', 4, 1, 1, '2025-12-21 04:06:18'),
(22, '6910', '$2y$10$lJKJ9.Ou86qX8XqbPTXrEOvfu96tV0PZ4B2DTzkeVhlREVmfI20Ni', 'siswa', 5, 1, 0, '2025-12-21 04:06:18'),
(23, '6922', '$2y$10$jAzuJa0MXk5kIO1EfDUVJOWWNqZK2r6mq/8LvSd/ZFdYI.GNMAawW', 'siswa', 6, 1, 1, '2025-12-21 04:06:18'),
(24, '6927', '$2y$10$jAzuJa0MXk5kIO1EfDUVJOWWNqZK2r6mq/8LvSd/ZFdYI.GNMAawW', 'siswa', 7, 1, 1, '2025-12-21 04:06:18'),
(25, '6940', '$2y$10$jAzuJa0MXk5kIO1EfDUVJOWWNqZK2r6mq/8LvSd/ZFdYI.GNMAawW', 'siswa', 8, 1, 1, '2025-12-21 04:06:18'),
(26, '6944', '$2y$10$jAzuJa0MXk5kIO1EfDUVJOWWNqZK2r6mq/8LvSd/ZFdYI.GNMAawW', 'siswa', 9, 1, 1, '2025-12-21 04:06:18'),
(27, '6946', '$2y$10$jAzuJa0MXk5kIO1EfDUVJOWWNqZK2r6mq/8LvSd/ZFdYI.GNMAawW', 'siswa', 10, 1, 1, '2025-12-21 04:06:18'),
(28, '6947', '$2y$10$jAzuJa0MXk5kIO1EfDUVJOWWNqZK2r6mq/8LvSd/ZFdYI.GNMAawW', 'siswa', 11, 1, 1, '2025-12-21 04:06:18'),
(29, '6955', '$2y$10$jAzuJa0MXk5kIO1EfDUVJOWWNqZK2r6mq/8LvSd/ZFdYI.GNMAawW', 'siswa', 12, 1, 1, '2025-12-21 04:06:18'),
(30, '6958', '$2y$10$jAzuJa0MXk5kIO1EfDUVJOWWNqZK2r6mq/8LvSd/ZFdYI.GNMAawW', 'siswa', 13, 1, 1, '2025-12-21 04:06:18'),
(31, '6964', '$2y$10$jAzuJa0MXk5kIO1EfDUVJOWWNqZK2r6mq/8LvSd/ZFdYI.GNMAawW', 'siswa', 14, 1, 1, '2025-12-21 04:06:18'),
(32, '6966', '$2y$10$jAzuJa0MXk5kIO1EfDUVJOWWNqZK2r6mq/8LvSd/ZFdYI.GNMAawW', 'siswa', 15, 1, 1, '2025-12-21 04:06:18'),
(33, '6967', '$2y$10$jAzuJa0MXk5kIO1EfDUVJOWWNqZK2r6mq/8LvSd/ZFdYI.GNMAawW', 'siswa', 16, 1, 1, '2025-12-21 04:06:18'),
(34, '6968', '$2y$10$jAzuJa0MXk5kIO1EfDUVJOWWNqZK2r6mq/8LvSd/ZFdYI.GNMAawW', 'siswa', 17, 1, 1, '2025-12-21 04:06:18'),
(35, '6969', '$2y$10$jAzuJa0MXk5kIO1EfDUVJOWWNqZK2r6mq/8LvSd/ZFdYI.GNMAawW', 'siswa', 18, 1, 1, '2025-12-21 04:06:18'),
(36, '6970', '$2y$10$jAzuJa0MXk5kIO1EfDUVJOWWNqZK2r6mq/8LvSd/ZFdYI.GNMAawW', 'siswa', 19, 1, 1, '2025-12-21 04:06:18'),
(37, '6971', '$2y$10$jAzuJa0MXk5kIO1EfDUVJOWWNqZK2r6mq/8LvSd/ZFdYI.GNMAawW', 'siswa', 20, 1, 1, '2025-12-21 04:06:18'),
(38, '6972', '$2y$10$jAzuJa0MXk5kIO1EfDUVJOWWNqZK2r6mq/8LvSd/ZFdYI.GNMAawW', 'siswa', 21, 1, 1, '2025-12-21 04:06:18'),
(39, '6973', '$2y$10$jAzuJa0MXk5kIO1EfDUVJOWWNqZK2r6mq/8LvSd/ZFdYI.GNMAawW', 'siswa', 22, 1, 1, '2025-12-21 04:06:18'),
(40, '6974', '$2y$10$jAzuJa0MXk5kIO1EfDUVJOWWNqZK2r6mq/8LvSd/ZFdYI.GNMAawW', 'siswa', 23, 1, 1, '2025-12-21 04:06:18'),
(41, '6975', '$2y$10$jAzuJa0MXk5kIO1EfDUVJOWWNqZK2r6mq/8LvSd/ZFdYI.GNMAawW', 'siswa', 24, 1, 1, '2025-12-21 04:06:18'),
(42, '6976', '$2y$10$jAzuJa0MXk5kIO1EfDUVJOWWNqZK2r6mq/8LvSd/ZFdYI.GNMAawW', 'siswa', 25, 1, 1, '2025-12-21 04:06:18'),
(43, '6981', '$2y$10$jAzuJa0MXk5kIO1EfDUVJOWWNqZK2r6mq/8LvSd/ZFdYI.GNMAawW', 'siswa', 26, 1, 1, '2025-12-21 04:06:18'),
(44, '6983', '$2y$10$jAzuJa0MXk5kIO1EfDUVJOWWNqZK2r6mq/8LvSd/ZFdYI.GNMAawW', 'siswa', 27, 1, 1, '2025-12-21 04:06:18'),
(45, '6986', '$2y$10$jAzuJa0MXk5kIO1EfDUVJOWWNqZK2r6mq/8LvSd/ZFdYI.GNMAawW', 'siswa', 28, 1, 1, '2025-12-21 04:06:18'),
(46, '6996', '$2y$10$jAzuJa0MXk5kIO1EfDUVJOWWNqZK2r6mq/8LvSd/ZFdYI.GNMAawW', 'siswa', 29, 1, 1, '2025-12-21 04:06:18'),
(47, '7009', '$2y$10$jAzuJa0MXk5kIO1EfDUVJOWWNqZK2r6mq/8LvSd/ZFdYI.GNMAawW', 'siswa', 30, 1, 1, '2025-12-21 04:06:18'),
(48, '7014', '$2y$10$jAzuJa0MXk5kIO1EfDUVJOWWNqZK2r6mq/8LvSd/ZFdYI.GNMAawW', 'siswa', 31, 1, 1, '2025-12-21 04:06:18'),
(49, '7017', '$2y$10$jAzuJa0MXk5kIO1EfDUVJOWWNqZK2r6mq/8LvSd/ZFdYI.GNMAawW', 'siswa', 32, 1, 1, '2025-12-21 04:06:18'),
(50, '6897', '$2y$10$jAzuJa0MXk5kIO1EfDUVJOWWNqZK2r6mq/8LvSd/ZFdYI.GNMAawW', 'siswa', 33, 1, 1, '2025-12-21 04:06:18'),
(51, '6901', '$2y$10$jAzuJa0MXk5kIO1EfDUVJOWWNqZK2r6mq/8LvSd/ZFdYI.GNMAawW', 'siswa', 34, 1, 1, '2025-12-21 04:06:18'),
(52, '6909', '$2y$10$jAzuJa0MXk5kIO1EfDUVJOWWNqZK2r6mq/8LvSd/ZFdYI.GNMAawW', 'siswa', 35, 1, 1, '2025-12-21 04:06:18'),
(53, '6915', '$2y$10$jAzuJa0MXk5kIO1EfDUVJOWWNqZK2r6mq/8LvSd/ZFdYI.GNMAawW', 'siswa', 36, 1, 1, '2025-12-21 04:06:18'),
(54, '6920', '$2y$10$jAzuJa0MXk5kIO1EfDUVJOWWNqZK2r6mq/8LvSd/ZFdYI.GNMAawW', 'siswa', 37, 1, 1, '2025-12-21 04:06:18'),
(55, '6924', '$2y$10$jAzuJa0MXk5kIO1EfDUVJOWWNqZK2r6mq/8LvSd/ZFdYI.GNMAawW', 'siswa', 38, 1, 1, '2025-12-21 04:06:18'),
(56, '6926', '$2y$10$jAzuJa0MXk5kIO1EfDUVJOWWNqZK2r6mq/8LvSd/ZFdYI.GNMAawW', 'siswa', 39, 1, 1, '2025-12-21 04:06:18'),
(57, '6931', '$2y$10$jAzuJa0MXk5kIO1EfDUVJOWWNqZK2r6mq/8LvSd/ZFdYI.GNMAawW', 'siswa', 40, 1, 1, '2025-12-21 04:06:18'),
(58, '6933', '$2y$10$jAzuJa0MXk5kIO1EfDUVJOWWNqZK2r6mq/8LvSd/ZFdYI.GNMAawW', 'siswa', 41, 1, 1, '2025-12-21 04:06:18'),
(59, '6939', '$2y$10$jAzuJa0MXk5kIO1EfDUVJOWWNqZK2r6mq/8LvSd/ZFdYI.GNMAawW', 'siswa', 42, 1, 1, '2025-12-21 04:06:18'),
(60, '6941', '$2y$10$jAzuJa0MXk5kIO1EfDUVJOWWNqZK2r6mq/8LvSd/ZFdYI.GNMAawW', 'siswa', 43, 1, 1, '2025-12-21 04:06:18'),
(61, '6943', '$2y$10$jAzuJa0MXk5kIO1EfDUVJOWWNqZK2r6mq/8LvSd/ZFdYI.GNMAawW', 'siswa', 44, 1, 1, '2025-12-21 04:06:18'),
(62, '6945', '$2y$10$jAzuJa0MXk5kIO1EfDUVJOWWNqZK2r6mq/8LvSd/ZFdYI.GNMAawW', 'siswa', 45, 1, 1, '2025-12-21 04:06:18'),
(63, '6948', '$2y$10$jAzuJa0MXk5kIO1EfDUVJOWWNqZK2r6mq/8LvSd/ZFdYI.GNMAawW', 'siswa', 46, 1, 1, '2025-12-21 04:06:18'),
(64, '6950', '$2y$10$jAzuJa0MXk5kIO1EfDUVJOWWNqZK2r6mq/8LvSd/ZFdYI.GNMAawW', 'siswa', 47, 1, 1, '2025-12-21 04:06:18'),
(65, '6951', '$2y$10$jAzuJa0MXk5kIO1EfDUVJOWWNqZK2r6mq/8LvSd/ZFdYI.GNMAawW', 'siswa', 48, 1, 1, '2025-12-21 04:06:18'),
(66, '6953', '$2y$10$jAzuJa0MXk5kIO1EfDUVJOWWNqZK2r6mq/8LvSd/ZFdYI.GNMAawW', 'siswa', 49, 1, 1, '2025-12-21 04:06:18'),
(67, '6954', '$2y$10$jAzuJa0MXk5kIO1EfDUVJOWWNqZK2r6mq/8LvSd/ZFdYI.GNMAawW', 'siswa', 50, 1, 1, '2025-12-21 04:06:18'),
(68, '6957', '$2y$10$jAzuJa0MXk5kIO1EfDUVJOWWNqZK2r6mq/8LvSd/ZFdYI.GNMAawW', 'siswa', 51, 1, 1, '2025-12-21 04:06:18'),
(69, '6962', '$2y$10$jAzuJa0MXk5kIO1EfDUVJOWWNqZK2r6mq/8LvSd/ZFdYI.GNMAawW', 'siswa', 52, 1, 1, '2025-12-21 04:06:18'),
(70, '6963', '$2y$10$jAzuJa0MXk5kIO1EfDUVJOWWNqZK2r6mq/8LvSd/ZFdYI.GNMAawW', 'siswa', 53, 1, 1, '2025-12-21 04:06:18'),
(71, '6980', '$2y$10$jAzuJa0MXk5kIO1EfDUVJOWWNqZK2r6mq/8LvSd/ZFdYI.GNMAawW', 'siswa', 54, 1, 1, '2025-12-21 04:06:18'),
(72, '6990', '$2y$10$jAzuJa0MXk5kIO1EfDUVJOWWNqZK2r6mq/8LvSd/ZFdYI.GNMAawW', 'siswa', 55, 1, 1, '2025-12-21 04:06:18'),
(73, '6993', '$2y$10$jAzuJa0MXk5kIO1EfDUVJOWWNqZK2r6mq/8LvSd/ZFdYI.GNMAawW', 'siswa', 56, 1, 1, '2025-12-21 04:06:18'),
(74, '6997', '$2y$10$jAzuJa0MXk5kIO1EfDUVJOWWNqZK2r6mq/8LvSd/ZFdYI.GNMAawW', 'siswa', 57, 1, 1, '2025-12-21 04:06:18'),
(75, '7001', '$2y$10$jAzuJa0MXk5kIO1EfDUVJOWWNqZK2r6mq/8LvSd/ZFdYI.GNMAawW', 'siswa', 58, 1, 1, '2025-12-21 04:06:18'),
(76, '7006', '$2y$10$jAzuJa0MXk5kIO1EfDUVJOWWNqZK2r6mq/8LvSd/ZFdYI.GNMAawW', 'siswa', 59, 1, 1, '2025-12-21 04:06:18'),
(77, '7007', '$2y$10$jAzuJa0MXk5kIO1EfDUVJOWWNqZK2r6mq/8LvSd/ZFdYI.GNMAawW', 'siswa', 60, 1, 1, '2025-12-21 04:06:18'),
(78, '7010', '$2y$10$jAzuJa0MXk5kIO1EfDUVJOWWNqZK2r6mq/8LvSd/ZFdYI.GNMAawW', 'siswa', 61, 1, 1, '2025-12-21 04:06:18'),
(79, '7011', '$2y$10$jAzuJa0MXk5kIO1EfDUVJOWWNqZK2r6mq/8LvSd/ZFdYI.GNMAawW', 'siswa', 62, 1, 1, '2025-12-21 04:06:18'),
(80, '7013', '$2y$10$jAzuJa0MXk5kIO1EfDUVJOWWNqZK2r6mq/8LvSd/ZFdYI.GNMAawW', 'siswa', 63, 1, 1, '2025-12-21 04:06:18'),
(81, '7015', '$2y$10$jAzuJa0MXk5kIO1EfDUVJOWWNqZK2r6mq/8LvSd/ZFdYI.GNMAawW', 'siswa', 64, 1, 1, '2025-12-21 04:06:18'),
(82, '7016', '$2y$10$jAzuJa0MXk5kIO1EfDUVJOWWNqZK2r6mq/8LvSd/ZFdYI.GNMAawW', 'siswa', 65, 1, 1, '2025-12-21 04:06:18'),
(83, '6888', '$2y$10$jAzuJa0MXk5kIO1EfDUVJOWWNqZK2r6mq/8LvSd/ZFdYI.GNMAawW', 'siswa', 66, 1, 1, '2025-12-21 04:06:18'),
(84, '6890', '$2y$10$jAzuJa0MXk5kIO1EfDUVJOWWNqZK2r6mq/8LvSd/ZFdYI.GNMAawW', 'siswa', 67, 1, 1, '2025-12-21 04:06:18'),
(85, '6892', '$2y$10$jAzuJa0MXk5kIO1EfDUVJOWWNqZK2r6mq/8LvSd/ZFdYI.GNMAawW', 'siswa', 68, 1, 1, '2025-12-21 04:06:18'),
(86, '6894', '$2y$10$jAzuJa0MXk5kIO1EfDUVJOWWNqZK2r6mq/8LvSd/ZFdYI.GNMAawW', 'siswa', 69, 1, 1, '2025-12-21 04:06:18'),
(87, '6896', '$2y$10$jAzuJa0MXk5kIO1EfDUVJOWWNqZK2r6mq/8LvSd/ZFdYI.GNMAawW', 'siswa', 70, 1, 1, '2025-12-21 04:06:18'),
(88, '6900', '$2y$10$jAzuJa0MXk5kIO1EfDUVJOWWNqZK2r6mq/8LvSd/ZFdYI.GNMAawW', 'siswa', 71, 1, 1, '2025-12-21 04:06:18'),
(89, '6904', '$2y$10$jAzuJa0MXk5kIO1EfDUVJOWWNqZK2r6mq/8LvSd/ZFdYI.GNMAawW', 'siswa', 72, 1, 1, '2025-12-21 04:06:18'),
(90, '6906', '$2y$10$jAzuJa0MXk5kIO1EfDUVJOWWNqZK2r6mq/8LvSd/ZFdYI.GNMAawW', 'siswa', 73, 1, 1, '2025-12-21 04:06:18'),
(91, '6907', '$2y$10$jAzuJa0MXk5kIO1EfDUVJOWWNqZK2r6mq/8LvSd/ZFdYI.GNMAawW', 'siswa', 74, 1, 1, '2025-12-21 04:06:18'),
(92, '6908', '$2y$10$jAzuJa0MXk5kIO1EfDUVJOWWNqZK2r6mq/8LvSd/ZFdYI.GNMAawW', 'siswa', 75, 1, 1, '2025-12-21 04:06:18'),
(93, '6912', '$2y$10$jAzuJa0MXk5kIO1EfDUVJOWWNqZK2r6mq/8LvSd/ZFdYI.GNMAawW', 'siswa', 76, 1, 1, '2025-12-21 04:06:18'),
(94, '6913', '$2y$10$jAzuJa0MXk5kIO1EfDUVJOWWNqZK2r6mq/8LvSd/ZFdYI.GNMAawW', 'siswa', 77, 1, 1, '2025-12-21 04:06:18'),
(95, '6914', '$2y$10$jAzuJa0MXk5kIO1EfDUVJOWWNqZK2r6mq/8LvSd/ZFdYI.GNMAawW', 'siswa', 78, 1, 1, '2025-12-21 04:06:18'),
(96, '6916', '$2y$10$jAzuJa0MXk5kIO1EfDUVJOWWNqZK2r6mq/8LvSd/ZFdYI.GNMAawW', 'siswa', 79, 1, 1, '2025-12-21 04:06:18'),
(97, '6918', '$2y$10$jAzuJa0MXk5kIO1EfDUVJOWWNqZK2r6mq/8LvSd/ZFdYI.GNMAawW', 'siswa', 80, 1, 1, '2025-12-21 04:06:18'),
(98, '6919', '$2y$10$jAzuJa0MXk5kIO1EfDUVJOWWNqZK2r6mq/8LvSd/ZFdYI.GNMAawW', 'siswa', 81, 1, 1, '2025-12-21 04:06:18'),
(99, '6921', '$2y$10$jAzuJa0MXk5kIO1EfDUVJOWWNqZK2r6mq/8LvSd/ZFdYI.GNMAawW', 'siswa', 82, 1, 1, '2025-12-21 04:06:18'),
(100, '6923', '$2y$10$jAzuJa0MXk5kIO1EfDUVJOWWNqZK2r6mq/8LvSd/ZFdYI.GNMAawW', 'siswa', 83, 1, 1, '2025-12-21 04:06:18'),
(101, '6925', '$2y$10$jAzuJa0MXk5kIO1EfDUVJOWWNqZK2r6mq/8LvSd/ZFdYI.GNMAawW', 'siswa', 84, 1, 1, '2025-12-21 04:06:18'),
(102, '6928', '$2y$10$jAzuJa0MXk5kIO1EfDUVJOWWNqZK2r6mq/8LvSd/ZFdYI.GNMAawW', 'siswa', 85, 1, 1, '2025-12-21 04:06:18'),
(103, '6929', '$2y$10$jAzuJa0MXk5kIO1EfDUVJOWWNqZK2r6mq/8LvSd/ZFdYI.GNMAawW', 'siswa', 86, 1, 1, '2025-12-21 04:06:18'),
(104, '6930', '$2y$10$jAzuJa0MXk5kIO1EfDUVJOWWNqZK2r6mq/8LvSd/ZFdYI.GNMAawW', 'siswa', 87, 1, 1, '2025-12-21 04:06:18'),
(105, '6932', '$2y$10$jAzuJa0MXk5kIO1EfDUVJOWWNqZK2r6mq/8LvSd/ZFdYI.GNMAawW', 'siswa', 88, 1, 1, '2025-12-21 04:06:18'),
(106, '6935', '$2y$10$jAzuJa0MXk5kIO1EfDUVJOWWNqZK2r6mq/8LvSd/ZFdYI.GNMAawW', 'siswa', 89, 1, 1, '2025-12-21 04:06:18'),
(107, '6937', '$2y$10$jAzuJa0MXk5kIO1EfDUVJOWWNqZK2r6mq/8LvSd/ZFdYI.GNMAawW', 'siswa', 90, 1, 1, '2025-12-21 04:06:18'),
(108, '6938', '$2y$10$jAzuJa0MXk5kIO1EfDUVJOWWNqZK2r6mq/8LvSd/ZFdYI.GNMAawW', 'siswa', 91, 1, 1, '2025-12-21 04:06:18'),
(109, '6960', '$2y$10$jAzuJa0MXk5kIO1EfDUVJOWWNqZK2r6mq/8LvSd/ZFdYI.GNMAawW', 'siswa', 92, 1, 1, '2025-12-21 04:06:18'),
(110, '6961', '$2y$10$jAzuJa0MXk5kIO1EfDUVJOWWNqZK2r6mq/8LvSd/ZFdYI.GNMAawW', 'siswa', 93, 1, 1, '2025-12-21 04:06:18'),
(111, '6977', '$2y$10$jAzuJa0MXk5kIO1EfDUVJOWWNqZK2r6mq/8LvSd/ZFdYI.GNMAawW', 'siswa', 94, 1, 1, '2025-12-21 04:06:18'),
(112, '6978', '$2y$10$jAzuJa0MXk5kIO1EfDUVJOWWNqZK2r6mq/8LvSd/ZFdYI.GNMAawW', 'siswa', 95, 1, 1, '2025-12-21 04:06:18'),
(113, '6987', '$2y$10$jAzuJa0MXk5kIO1EfDUVJOWWNqZK2r6mq/8LvSd/ZFdYI.GNMAawW', 'siswa', 96, 1, 1, '2025-12-21 04:06:18'),
(114, '6994', '$2y$10$jAzuJa0MXk5kIO1EfDUVJOWWNqZK2r6mq/8LvSd/ZFdYI.GNMAawW', 'siswa', 97, 1, 1, '2025-12-21 04:06:18'),
(115, '7004', '$2y$10$jAzuJa0MXk5kIO1EfDUVJOWWNqZK2r6mq/8LvSd/ZFdYI.GNMAawW', 'siswa', 98, 1, 1, '2025-12-21 04:06:18'),
(116, '6889', '$2y$10$jAzuJa0MXk5kIO1EfDUVJOWWNqZK2r6mq/8LvSd/ZFdYI.GNMAawW', 'siswa', 99, 1, 1, '2025-12-21 04:06:18'),
(117, '6898', '$2y$10$jAzuJa0MXk5kIO1EfDUVJOWWNqZK2r6mq/8LvSd/ZFdYI.GNMAawW', 'siswa', 100, 1, 1, '2025-12-21 04:06:18'),
(118, '6902', '$2y$10$jAzuJa0MXk5kIO1EfDUVJOWWNqZK2r6mq/8LvSd/ZFdYI.GNMAawW', 'siswa', 101, 1, 1, '2025-12-21 04:06:18'),
(119, '6903', '$2y$10$jAzuJa0MXk5kIO1EfDUVJOWWNqZK2r6mq/8LvSd/ZFdYI.GNMAawW', 'siswa', 102, 1, 1, '2025-12-21 04:06:18'),
(120, '6905', '$2y$10$jAzuJa0MXk5kIO1EfDUVJOWWNqZK2r6mq/8LvSd/ZFdYI.GNMAawW', 'siswa', 103, 1, 1, '2025-12-21 04:06:18'),
(121, '6911', '$2y$10$jAzuJa0MXk5kIO1EfDUVJOWWNqZK2r6mq/8LvSd/ZFdYI.GNMAawW', 'siswa', 104, 1, 1, '2025-12-21 04:06:18'),
(122, '6917', '$2y$10$jAzuJa0MXk5kIO1EfDUVJOWWNqZK2r6mq/8LvSd/ZFdYI.GNMAawW', 'siswa', 105, 1, 1, '2025-12-21 04:06:18'),
(123, '6934', '$2y$10$jAzuJa0MXk5kIO1EfDUVJOWWNqZK2r6mq/8LvSd/ZFdYI.GNMAawW', 'siswa', 106, 1, 1, '2025-12-21 04:06:18'),
(124, '6936', '$2y$10$jAzuJa0MXk5kIO1EfDUVJOWWNqZK2r6mq/8LvSd/ZFdYI.GNMAawW', 'siswa', 107, 1, 1, '2025-12-21 04:06:18'),
(125, '6942', '$2y$10$jAzuJa0MXk5kIO1EfDUVJOWWNqZK2r6mq/8LvSd/ZFdYI.GNMAawW', 'siswa', 108, 1, 1, '2025-12-21 04:06:18'),
(126, '6949', '$2y$10$jAzuJa0MXk5kIO1EfDUVJOWWNqZK2r6mq/8LvSd/ZFdYI.GNMAawW', 'siswa', 109, 1, 1, '2025-12-21 04:06:18'),
(127, '6952', '$2y$10$jAzuJa0MXk5kIO1EfDUVJOWWNqZK2r6mq/8LvSd/ZFdYI.GNMAawW', 'siswa', 110, 1, 1, '2025-12-21 04:06:18'),
(128, '6956', '$2y$10$jAzuJa0MXk5kIO1EfDUVJOWWNqZK2r6mq/8LvSd/ZFdYI.GNMAawW', 'siswa', 111, 1, 1, '2025-12-21 04:06:18'),
(129, '6959', '$2y$10$jAzuJa0MXk5kIO1EfDUVJOWWNqZK2r6mq/8LvSd/ZFdYI.GNMAawW', 'siswa', 112, 1, 1, '2025-12-21 04:06:18'),
(130, '6965', '$2y$10$jAzuJa0MXk5kIO1EfDUVJOWWNqZK2r6mq/8LvSd/ZFdYI.GNMAawW', 'siswa', 113, 1, 1, '2025-12-21 04:06:18'),
(131, '6979', '$2y$10$jAzuJa0MXk5kIO1EfDUVJOWWNqZK2r6mq/8LvSd/ZFdYI.GNMAawW', 'siswa', 114, 1, 1, '2025-12-21 04:06:18'),
(132, '6982', '$2y$10$jAzuJa0MXk5kIO1EfDUVJOWWNqZK2r6mq/8LvSd/ZFdYI.GNMAawW', 'siswa', 115, 1, 1, '2025-12-21 04:06:18'),
(133, '6984', '$2y$10$jAzuJa0MXk5kIO1EfDUVJOWWNqZK2r6mq/8LvSd/ZFdYI.GNMAawW', 'siswa', 116, 1, 1, '2025-12-21 04:06:18'),
(134, '6985', '$2y$10$jAzuJa0MXk5kIO1EfDUVJOWWNqZK2r6mq/8LvSd/ZFdYI.GNMAawW', 'siswa', 117, 1, 1, '2025-12-21 04:06:18'),
(135, '6988', '$2y$10$jAzuJa0MXk5kIO1EfDUVJOWWNqZK2r6mq/8LvSd/ZFdYI.GNMAawW', 'siswa', 118, 1, 1, '2025-12-21 04:06:18'),
(136, '6989', '$2y$10$jAzuJa0MXk5kIO1EfDUVJOWWNqZK2r6mq/8LvSd/ZFdYI.GNMAawW', 'siswa', 119, 1, 1, '2025-12-21 04:06:18'),
(137, '6991', '$2y$10$jAzuJa0MXk5kIO1EfDUVJOWWNqZK2r6mq/8LvSd/ZFdYI.GNMAawW', 'siswa', 120, 1, 1, '2025-12-21 04:06:18'),
(138, '6992', '$2y$10$jAzuJa0MXk5kIO1EfDUVJOWWNqZK2r6mq/8LvSd/ZFdYI.GNMAawW', 'siswa', 121, 1, 1, '2025-12-21 04:06:18'),
(139, '6995', '$2y$10$jAzuJa0MXk5kIO1EfDUVJOWWNqZK2r6mq/8LvSd/ZFdYI.GNMAawW', 'siswa', 122, 1, 1, '2025-12-21 04:06:18'),
(140, '6998', '$2y$10$jAzuJa0MXk5kIO1EfDUVJOWWNqZK2r6mq/8LvSd/ZFdYI.GNMAawW', 'siswa', 123, 1, 1, '2025-12-21 04:06:18'),
(141, '6999', '$2y$10$jAzuJa0MXk5kIO1EfDUVJOWWNqZK2r6mq/8LvSd/ZFdYI.GNMAawW', 'siswa', 124, 1, 1, '2025-12-21 04:06:18'),
(142, '7000', '$2y$10$jAzuJa0MXk5kIO1EfDUVJOWWNqZK2r6mq/8LvSd/ZFdYI.GNMAawW', 'siswa', 125, 1, 1, '2025-12-21 04:06:18'),
(143, '7002', '$2y$10$jAzuJa0MXk5kIO1EfDUVJOWWNqZK2r6mq/8LvSd/ZFdYI.GNMAawW', 'siswa', 126, 1, 1, '2025-12-21 04:06:18'),
(144, '7003', '$2y$10$jAzuJa0MXk5kIO1EfDUVJOWWNqZK2r6mq/8LvSd/ZFdYI.GNMAawW', 'siswa', 127, 1, 1, '2025-12-21 04:06:18'),
(145, '7005', '$2y$10$jAzuJa0MXk5kIO1EfDUVJOWWNqZK2r6mq/8LvSd/ZFdYI.GNMAawW', 'siswa', 128, 1, 1, '2025-12-21 04:06:18'),
(146, '7008', '$2y$10$jAzuJa0MXk5kIO1EfDUVJOWWNqZK2r6mq/8LvSd/ZFdYI.GNMAawW', 'siswa', 129, 1, 1, '2025-12-21 04:06:18'),
(147, '7012', '$2y$10$jAzuJa0MXk5kIO1EfDUVJOWWNqZK2r6mq/8LvSd/ZFdYI.GNMAawW', 'siswa', 130, 1, 1, '2025-12-21 04:06:18'),
(148, '7018', '$2y$10$jAzuJa0MXk5kIO1EfDUVJOWWNqZK2r6mq/8LvSd/ZFdYI.GNMAawW', 'siswa', 131, 1, 1, '2025-12-21 04:06:18'),
(149, '6807', '$2y$10$jAzuJa0MXk5kIO1EfDUVJOWWNqZK2r6mq/8LvSd/ZFdYI.GNMAawW', 'siswa', 132, 1, 1, '2025-12-21 04:06:18'),
(150, '6809', '$2y$10$jAzuJa0MXk5kIO1EfDUVJOWWNqZK2r6mq/8LvSd/ZFdYI.GNMAawW', 'siswa', 133, 1, 1, '2025-12-21 04:06:18'),
(151, '6887', '$2y$10$jAzuJa0MXk5kIO1EfDUVJOWWNqZK2r6mq/8LvSd/ZFdYI.GNMAawW', 'siswa', 134, 1, 1, '2025-12-21 04:06:18'),
(152, '6815', '$2y$10$jAzuJa0MXk5kIO1EfDUVJOWWNqZK2r6mq/8LvSd/ZFdYI.GNMAawW', 'siswa', 135, 1, 1, '2025-12-21 04:06:18'),
(153, '6817', '$2y$10$jAzuJa0MXk5kIO1EfDUVJOWWNqZK2r6mq/8LvSd/ZFdYI.GNMAawW', 'siswa', 136, 1, 1, '2025-12-21 04:06:18'),
(154, '6818', '$2y$10$jAzuJa0MXk5kIO1EfDUVJOWWNqZK2r6mq/8LvSd/ZFdYI.GNMAawW', 'siswa', 137, 1, 1, '2025-12-21 04:06:18'),
(155, '6825', '$2y$10$jAzuJa0MXk5kIO1EfDUVJOWWNqZK2r6mq/8LvSd/ZFdYI.GNMAawW', 'siswa', 138, 1, 1, '2025-12-21 04:06:18'),
(156, '6827', '$2y$10$jAzuJa0MXk5kIO1EfDUVJOWWNqZK2r6mq/8LvSd/ZFdYI.GNMAawW', 'siswa', 139, 1, 1, '2025-12-21 04:06:18'),
(157, '6828', '$2y$10$jAzuJa0MXk5kIO1EfDUVJOWWNqZK2r6mq/8LvSd/ZFdYI.GNMAawW', 'siswa', 140, 1, 1, '2025-12-21 04:06:18'),
(158, '6831', '$2y$10$jAzuJa0MXk5kIO1EfDUVJOWWNqZK2r6mq/8LvSd/ZFdYI.GNMAawW', 'siswa', 141, 1, 1, '2025-12-21 04:06:18'),
(159, '6832', '$2y$10$jAzuJa0MXk5kIO1EfDUVJOWWNqZK2r6mq/8LvSd/ZFdYI.GNMAawW', 'siswa', 142, 1, 1, '2025-12-21 04:06:18'),
(160, '6834', '$2y$10$jAzuJa0MXk5kIO1EfDUVJOWWNqZK2r6mq/8LvSd/ZFdYI.GNMAawW', 'siswa', 143, 1, 1, '2025-12-21 04:06:18'),
(161, '6838', '$2y$10$jAzuJa0MXk5kIO1EfDUVJOWWNqZK2r6mq/8LvSd/ZFdYI.GNMAawW', 'siswa', 144, 1, 1, '2025-12-21 04:06:18'),
(162, '6842', '$2y$10$jAzuJa0MXk5kIO1EfDUVJOWWNqZK2r6mq/8LvSd/ZFdYI.GNMAawW', 'siswa', 145, 1, 1, '2025-12-21 04:06:18'),
(163, '6846', '$2y$10$jAzuJa0MXk5kIO1EfDUVJOWWNqZK2r6mq/8LvSd/ZFdYI.GNMAawW', 'siswa', 146, 1, 1, '2025-12-21 04:06:18'),
(164, '6849', '$2y$10$jAzuJa0MXk5kIO1EfDUVJOWWNqZK2r6mq/8LvSd/ZFdYI.GNMAawW', 'siswa', 147, 1, 1, '2025-12-21 04:06:18'),
(165, '6851', '$2y$10$jAzuJa0MXk5kIO1EfDUVJOWWNqZK2r6mq/8LvSd/ZFdYI.GNMAawW', 'siswa', 148, 1, 1, '2025-12-21 04:06:18'),
(166, '7020', '$2y$10$jAzuJa0MXk5kIO1EfDUVJOWWNqZK2r6mq/8LvSd/ZFdYI.GNMAawW', 'siswa', 149, 1, 1, '2025-12-21 04:06:18'),
(167, '6856', '$2y$10$jAzuJa0MXk5kIO1EfDUVJOWWNqZK2r6mq/8LvSd/ZFdYI.GNMAawW', 'siswa', 150, 1, 1, '2025-12-21 04:06:18'),
(168, '6857', '$2y$10$jAzuJa0MXk5kIO1EfDUVJOWWNqZK2r6mq/8LvSd/ZFdYI.GNMAawW', 'siswa', 151, 1, 1, '2025-12-21 04:06:18'),
(169, '6860', '$2y$10$jAzuJa0MXk5kIO1EfDUVJOWWNqZK2r6mq/8LvSd/ZFdYI.GNMAawW', 'siswa', 152, 1, 1, '2025-12-21 04:06:18'),
(170, '6861', '$2y$10$jAzuJa0MXk5kIO1EfDUVJOWWNqZK2r6mq/8LvSd/ZFdYI.GNMAawW', 'siswa', 153, 1, 1, '2025-12-21 04:06:18'),
(171, '6871', '$2y$10$jAzuJa0MXk5kIO1EfDUVJOWWNqZK2r6mq/8LvSd/ZFdYI.GNMAawW', 'siswa', 154, 1, 1, '2025-12-21 04:06:18'),
(172, '6874', '$2y$10$jAzuJa0MXk5kIO1EfDUVJOWWNqZK2r6mq/8LvSd/ZFdYI.GNMAawW', 'siswa', 155, 1, 1, '2025-12-21 04:06:18'),
(173, '6876', '$2y$10$jAzuJa0MXk5kIO1EfDUVJOWWNqZK2r6mq/8LvSd/ZFdYI.GNMAawW', 'siswa', 156, 1, 1, '2025-12-21 04:06:18'),
(174, '6878', '$2y$10$jAzuJa0MXk5kIO1EfDUVJOWWNqZK2r6mq/8LvSd/ZFdYI.GNMAawW', 'siswa', 157, 1, 1, '2025-12-21 04:06:18'),
(175, '6808', '$2y$10$jAzuJa0MXk5kIO1EfDUVJOWWNqZK2r6mq/8LvSd/ZFdYI.GNMAawW', 'siswa', 158, 1, 1, '2025-12-21 04:06:18'),
(176, '6811', '$2y$10$jAzuJa0MXk5kIO1EfDUVJOWWNqZK2r6mq/8LvSd/ZFdYI.GNMAawW', 'siswa', 159, 1, 1, '2025-12-21 04:06:18'),
(177, '6813', '$2y$10$jAzuJa0MXk5kIO1EfDUVJOWWNqZK2r6mq/8LvSd/ZFdYI.GNMAawW', 'siswa', 160, 1, 1, '2025-12-21 04:06:18'),
(178, '6816', '$2y$10$jAzuJa0MXk5kIO1EfDUVJOWWNqZK2r6mq/8LvSd/ZFdYI.GNMAawW', 'siswa', 161, 1, 1, '2025-12-21 04:06:18'),
(179, '6819', '$2y$10$jAzuJa0MXk5kIO1EfDUVJOWWNqZK2r6mq/8LvSd/ZFdYI.GNMAawW', 'siswa', 162, 1, 1, '2025-12-21 04:06:18'),
(180, '6820', '$2y$10$jAzuJa0MXk5kIO1EfDUVJOWWNqZK2r6mq/8LvSd/ZFdYI.GNMAawW', 'siswa', 163, 1, 1, '2025-12-21 04:06:18'),
(181, '6821', '$2y$10$jAzuJa0MXk5kIO1EfDUVJOWWNqZK2r6mq/8LvSd/ZFdYI.GNMAawW', 'siswa', 164, 1, 1, '2025-12-21 04:06:18'),
(182, '6835', '$2y$10$jAzuJa0MXk5kIO1EfDUVJOWWNqZK2r6mq/8LvSd/ZFdYI.GNMAawW', 'siswa', 165, 1, 1, '2025-12-21 04:06:18'),
(183, '6839', '$2y$10$jAzuJa0MXk5kIO1EfDUVJOWWNqZK2r6mq/8LvSd/ZFdYI.GNMAawW', 'siswa', 166, 1, 1, '2025-12-21 04:06:18'),
(184, '6840', '$2y$10$jAzuJa0MXk5kIO1EfDUVJOWWNqZK2r6mq/8LvSd/ZFdYI.GNMAawW', 'siswa', 167, 1, 1, '2025-12-21 04:06:18'),
(185, '6844', '$2y$10$jAzuJa0MXk5kIO1EfDUVJOWWNqZK2r6mq/8LvSd/ZFdYI.GNMAawW', 'siswa', 168, 1, 1, '2025-12-21 04:06:18'),
(186, '6845', '$2y$10$jAzuJa0MXk5kIO1EfDUVJOWWNqZK2r6mq/8LvSd/ZFdYI.GNMAawW', 'siswa', 169, 1, 1, '2025-12-21 04:06:18'),
(187, '6848', '$2y$10$jAzuJa0MXk5kIO1EfDUVJOWWNqZK2r6mq/8LvSd/ZFdYI.GNMAawW', 'siswa', 170, 1, 1, '2025-12-21 04:06:18'),
(188, '6852', '$2y$10$jAzuJa0MXk5kIO1EfDUVJOWWNqZK2r6mq/8LvSd/ZFdYI.GNMAawW', 'siswa', 171, 1, 1, '2025-12-21 04:06:18'),
(189, '6853', '$2y$10$jAzuJa0MXk5kIO1EfDUVJOWWNqZK2r6mq/8LvSd/ZFdYI.GNMAawW', 'siswa', 172, 1, 1, '2025-12-21 04:06:18'),
(190, '6854', '$2y$10$jAzuJa0MXk5kIO1EfDUVJOWWNqZK2r6mq/8LvSd/ZFdYI.GNMAawW', 'siswa', 173, 1, 1, '2025-12-21 04:06:18'),
(191, '6858', '$2y$10$jAzuJa0MXk5kIO1EfDUVJOWWNqZK2r6mq/8LvSd/ZFdYI.GNMAawW', 'siswa', 174, 1, 1, '2025-12-21 04:06:18'),
(192, '6863', '$2y$10$jAzuJa0MXk5kIO1EfDUVJOWWNqZK2r6mq/8LvSd/ZFdYI.GNMAawW', 'siswa', 175, 1, 1, '2025-12-21 04:06:18'),
(193, '6865', '$2y$10$jAzuJa0MXk5kIO1EfDUVJOWWNqZK2r6mq/8LvSd/ZFdYI.GNMAawW', 'siswa', 176, 1, 1, '2025-12-21 04:06:18'),
(194, '6866', '$2y$10$jAzuJa0MXk5kIO1EfDUVJOWWNqZK2r6mq/8LvSd/ZFdYI.GNMAawW', 'siswa', 177, 1, 1, '2025-12-21 04:06:18'),
(195, '6868', '$2y$10$jAzuJa0MXk5kIO1EfDUVJOWWNqZK2r6mq/8LvSd/ZFdYI.GNMAawW', 'siswa', 178, 1, 1, '2025-12-21 04:06:18'),
(196, '6869', '$2y$10$jAzuJa0MXk5kIO1EfDUVJOWWNqZK2r6mq/8LvSd/ZFdYI.GNMAawW', 'siswa', 179, 1, 1, '2025-12-21 04:06:18'),
(197, '6875', '$2y$10$jAzuJa0MXk5kIO1EfDUVJOWWNqZK2r6mq/8LvSd/ZFdYI.GNMAawW', 'siswa', 180, 1, 1, '2025-12-21 04:06:18'),
(198, '6877', '$2y$10$jAzuJa0MXk5kIO1EfDUVJOWWNqZK2r6mq/8LvSd/ZFdYI.GNMAawW', 'siswa', 181, 1, 1, '2025-12-21 04:06:18'),
(199, '6880', '$2y$10$jAzuJa0MXk5kIO1EfDUVJOWWNqZK2r6mq/8LvSd/ZFdYI.GNMAawW', 'siswa', 182, 1, 1, '2025-12-21 04:06:18'),
(200, '6806', '$2y$10$jAzuJa0MXk5kIO1EfDUVJOWWNqZK2r6mq/8LvSd/ZFdYI.GNMAawW', 'siswa', 183, 1, 1, '2025-12-21 04:06:18'),
(201, '6810', '$2y$10$jAzuJa0MXk5kIO1EfDUVJOWWNqZK2r6mq/8LvSd/ZFdYI.GNMAawW', 'siswa', 184, 1, 1, '2025-12-21 04:06:18'),
(202, '6812', '$2y$10$jAzuJa0MXk5kIO1EfDUVJOWWNqZK2r6mq/8LvSd/ZFdYI.GNMAawW', 'siswa', 185, 1, 1, '2025-12-21 04:06:18'),
(203, '6814', '$2y$10$jAzuJa0MXk5kIO1EfDUVJOWWNqZK2r6mq/8LvSd/ZFdYI.GNMAawW', 'siswa', 186, 1, 1, '2025-12-21 04:06:18'),
(204, '6823', '$2y$10$jAzuJa0MXk5kIO1EfDUVJOWWNqZK2r6mq/8LvSd/ZFdYI.GNMAawW', 'siswa', 187, 1, 1, '2025-12-21 04:06:18'),
(205, '7019', '$2y$10$jAzuJa0MXk5kIO1EfDUVJOWWNqZK2r6mq/8LvSd/ZFdYI.GNMAawW', 'siswa', 188, 1, 1, '2025-12-21 04:06:18'),
(206, '6824', '$2y$10$jAzuJa0MXk5kIO1EfDUVJOWWNqZK2r6mq/8LvSd/ZFdYI.GNMAawW', 'siswa', 189, 1, 1, '2025-12-21 04:06:18'),
(207, '6826', '$2y$10$jAzuJa0MXk5kIO1EfDUVJOWWNqZK2r6mq/8LvSd/ZFdYI.GNMAawW', 'siswa', 190, 1, 1, '2025-12-21 04:06:18'),
(208, '6829', '$2y$10$jAzuJa0MXk5kIO1EfDUVJOWWNqZK2r6mq/8LvSd/ZFdYI.GNMAawW', 'siswa', 191, 1, 1, '2025-12-21 04:06:18'),
(209, '6833', '$2y$10$jAzuJa0MXk5kIO1EfDUVJOWWNqZK2r6mq/8LvSd/ZFdYI.GNMAawW', 'siswa', 192, 1, 1, '2025-12-21 04:06:18'),
(210, '6836', '$2y$10$jAzuJa0MXk5kIO1EfDUVJOWWNqZK2r6mq/8LvSd/ZFdYI.GNMAawW', 'siswa', 193, 1, 1, '2025-12-21 04:06:18'),
(211, '6837', '$2y$10$jAzuJa0MXk5kIO1EfDUVJOWWNqZK2r6mq/8LvSd/ZFdYI.GNMAawW', 'siswa', 194, 1, 1, '2025-12-21 04:06:18'),
(212, '6841', '$2y$10$jAzuJa0MXk5kIO1EfDUVJOWWNqZK2r6mq/8LvSd/ZFdYI.GNMAawW', 'siswa', 195, 1, 1, '2025-12-21 04:06:18'),
(213, '6843', '$2y$10$jAzuJa0MXk5kIO1EfDUVJOWWNqZK2r6mq/8LvSd/ZFdYI.GNMAawW', 'siswa', 196, 1, 1, '2025-12-21 04:06:18'),
(214, '6847', '$2y$10$jAzuJa0MXk5kIO1EfDUVJOWWNqZK2r6mq/8LvSd/ZFdYI.GNMAawW', 'siswa', 197, 1, 1, '2025-12-21 04:06:18'),
(215, '6855', '$2y$10$jAzuJa0MXk5kIO1EfDUVJOWWNqZK2r6mq/8LvSd/ZFdYI.GNMAawW', 'siswa', 198, 1, 1, '2025-12-21 04:06:18'),
(216, '6859', '$2y$10$jAzuJa0MXk5kIO1EfDUVJOWWNqZK2r6mq/8LvSd/ZFdYI.GNMAawW', 'siswa', 199, 1, 1, '2025-12-21 04:06:18'),
(217, '6862', '$2y$10$jAzuJa0MXk5kIO1EfDUVJOWWNqZK2r6mq/8LvSd/ZFdYI.GNMAawW', 'siswa', 200, 1, 1, '2025-12-21 04:06:18'),
(218, '6864', '$2y$10$jAzuJa0MXk5kIO1EfDUVJOWWNqZK2r6mq/8LvSd/ZFdYI.GNMAawW', 'siswa', 201, 1, 1, '2025-12-21 04:06:18'),
(219, '6867', '$2y$10$jAzuJa0MXk5kIO1EfDUVJOWWNqZK2r6mq/8LvSd/ZFdYI.GNMAawW', 'siswa', 202, 1, 1, '2025-12-21 04:06:18'),
(220, '6870', '$2y$10$jAzuJa0MXk5kIO1EfDUVJOWWNqZK2r6mq/8LvSd/ZFdYI.GNMAawW', 'siswa', 203, 1, 1, '2025-12-21 04:06:18'),
(221, '6872', '$2y$10$jAzuJa0MXk5kIO1EfDUVJOWWNqZK2r6mq/8LvSd/ZFdYI.GNMAawW', 'siswa', 204, 1, 1, '2025-12-21 04:06:18'),
(222, '6873', '$2y$10$jAzuJa0MXk5kIO1EfDUVJOWWNqZK2r6mq/8LvSd/ZFdYI.GNMAawW', 'siswa', 205, 1, 1, '2025-12-21 04:06:18'),
(223, '6879', '$2y$10$jAzuJa0MXk5kIO1EfDUVJOWWNqZK2r6mq/8LvSd/ZFdYI.GNMAawW', 'siswa', 206, 1, 1, '2025-12-21 04:06:18'),
(224, '6710', '$2y$10$jAzuJa0MXk5kIO1EfDUVJOWWNqZK2r6mq/8LvSd/ZFdYI.GNMAawW', 'siswa', 207, 1, 1, '2025-12-21 04:06:18'),
(225, '6713', '$2y$10$jAzuJa0MXk5kIO1EfDUVJOWWNqZK2r6mq/8LvSd/ZFdYI.GNMAawW', 'siswa', 208, 1, 1, '2025-12-21 04:06:18'),
(226, '6714', '$2y$10$jAzuJa0MXk5kIO1EfDUVJOWWNqZK2r6mq/8LvSd/ZFdYI.GNMAawW', 'siswa', 209, 1, 1, '2025-12-21 04:06:18'),
(227, '6716', '$2y$10$jAzuJa0MXk5kIO1EfDUVJOWWNqZK2r6mq/8LvSd/ZFdYI.GNMAawW', 'siswa', 210, 1, 1, '2025-12-21 04:06:18'),
(228, '6718', '$2y$10$jAzuJa0MXk5kIO1EfDUVJOWWNqZK2r6mq/8LvSd/ZFdYI.GNMAawW', 'siswa', 211, 1, 1, '2025-12-21 04:06:18'),
(229, '6886', '$2y$10$jAzuJa0MXk5kIO1EfDUVJOWWNqZK2r6mq/8LvSd/ZFdYI.GNMAawW', 'siswa', 212, 1, 1, '2025-12-21 04:06:18'),
(230, '6722', '$2y$10$jAzuJa0MXk5kIO1EfDUVJOWWNqZK2r6mq/8LvSd/ZFdYI.GNMAawW', 'siswa', 213, 1, 1, '2025-12-21 04:06:18'),
(231, '6724', '$2y$10$jAzuJa0MXk5kIO1EfDUVJOWWNqZK2r6mq/8LvSd/ZFdYI.GNMAawW', 'siswa', 214, 1, 1, '2025-12-21 04:06:18'),
(232, '6725', '$2y$10$jAzuJa0MXk5kIO1EfDUVJOWWNqZK2r6mq/8LvSd/ZFdYI.GNMAawW', 'siswa', 215, 1, 1, '2025-12-21 04:06:18'),
(233, '6730', '$2y$10$jAzuJa0MXk5kIO1EfDUVJOWWNqZK2r6mq/8LvSd/ZFdYI.GNMAawW', 'siswa', 216, 1, 1, '2025-12-21 04:06:18'),
(234, '6736', '$2y$10$jAzuJa0MXk5kIO1EfDUVJOWWNqZK2r6mq/8LvSd/ZFdYI.GNMAawW', 'siswa', 217, 1, 1, '2025-12-21 04:06:18'),
(235, '6738', '$2y$10$jAzuJa0MXk5kIO1EfDUVJOWWNqZK2r6mq/8LvSd/ZFdYI.GNMAawW', 'siswa', 218, 1, 1, '2025-12-21 04:06:18'),
(236, '6739', '$2y$10$jAzuJa0MXk5kIO1EfDUVJOWWNqZK2r6mq/8LvSd/ZFdYI.GNMAawW', 'siswa', 219, 1, 1, '2025-12-21 04:06:18'),
(237, '6742', '$2y$10$jAzuJa0MXk5kIO1EfDUVJOWWNqZK2r6mq/8LvSd/ZFdYI.GNMAawW', 'siswa', 220, 1, 1, '2025-12-21 04:06:18'),
(238, '6743', '$2y$10$jAzuJa0MXk5kIO1EfDUVJOWWNqZK2r6mq/8LvSd/ZFdYI.GNMAawW', 'siswa', 221, 1, 1, '2025-12-21 04:06:18'),
(239, '6744', '$2y$10$jAzuJa0MXk5kIO1EfDUVJOWWNqZK2r6mq/8LvSd/ZFdYI.GNMAawW', 'siswa', 222, 1, 1, '2025-12-21 04:06:18'),
(240, '6748', '$2y$10$jAzuJa0MXk5kIO1EfDUVJOWWNqZK2r6mq/8LvSd/ZFdYI.GNMAawW', 'siswa', 223, 1, 1, '2025-12-21 04:06:18'),
(241, '6750', '$2y$10$jAzuJa0MXk5kIO1EfDUVJOWWNqZK2r6mq/8LvSd/ZFdYI.GNMAawW', 'siswa', 224, 1, 1, '2025-12-21 04:06:18'),
(242, '6751', '$2y$10$jAzuJa0MXk5kIO1EfDUVJOWWNqZK2r6mq/8LvSd/ZFdYI.GNMAawW', 'siswa', 225, 1, 1, '2025-12-21 04:06:18'),
(243, '6757', '$2y$10$jAzuJa0MXk5kIO1EfDUVJOWWNqZK2r6mq/8LvSd/ZFdYI.GNMAawW', 'siswa', 226, 1, 1, '2025-12-21 04:06:18'),
(244, '6762', '$2y$10$jAzuJa0MXk5kIO1EfDUVJOWWNqZK2r6mq/8LvSd/ZFdYI.GNMAawW', 'siswa', 227, 1, 1, '2025-12-21 04:06:18'),
(245, '6764', '$2y$10$jAzuJa0MXk5kIO1EfDUVJOWWNqZK2r6mq/8LvSd/ZFdYI.GNMAawW', 'siswa', 228, 1, 1, '2025-12-21 04:06:18'),
(246, '6768', '$2y$10$jAzuJa0MXk5kIO1EfDUVJOWWNqZK2r6mq/8LvSd/ZFdYI.GNMAawW', 'siswa', 229, 1, 1, '2025-12-21 04:06:18'),
(247, '6770', '$2y$10$jAzuJa0MXk5kIO1EfDUVJOWWNqZK2r6mq/8LvSd/ZFdYI.GNMAawW', 'siswa', 230, 1, 1, '2025-12-21 04:06:18'),
(248, '6771', '$2y$10$jAzuJa0MXk5kIO1EfDUVJOWWNqZK2r6mq/8LvSd/ZFdYI.GNMAawW', 'siswa', 231, 1, 1, '2025-12-21 04:06:18'),
(249, '6773', '$2y$10$jAzuJa0MXk5kIO1EfDUVJOWWNqZK2r6mq/8LvSd/ZFdYI.GNMAawW', 'siswa', 232, 1, 1, '2025-12-21 04:06:18'),
(250, '6775', '$2y$10$jAzuJa0MXk5kIO1EfDUVJOWWNqZK2r6mq/8LvSd/ZFdYI.GNMAawW', 'siswa', 233, 1, 1, '2025-12-21 04:06:18'),
(251, '6778', '$2y$10$jAzuJa0MXk5kIO1EfDUVJOWWNqZK2r6mq/8LvSd/ZFdYI.GNMAawW', 'siswa', 234, 1, 1, '2025-12-21 04:06:18'),
(252, '6785', '$2y$10$jAzuJa0MXk5kIO1EfDUVJOWWNqZK2r6mq/8LvSd/ZFdYI.GNMAawW', 'siswa', 235, 1, 1, '2025-12-21 04:06:18'),
(253, '6789', '$2y$10$jAzuJa0MXk5kIO1EfDUVJOWWNqZK2r6mq/8LvSd/ZFdYI.GNMAawW', 'siswa', 236, 1, 1, '2025-12-21 04:06:18'),
(254, '6791', '$2y$10$jAzuJa0MXk5kIO1EfDUVJOWWNqZK2r6mq/8LvSd/ZFdYI.GNMAawW', 'siswa', 237, 1, 1, '2025-12-21 04:06:18'),
(255, '6712', '$2y$10$jAzuJa0MXk5kIO1EfDUVJOWWNqZK2r6mq/8LvSd/ZFdYI.GNMAawW', 'siswa', 238, 1, 1, '2025-12-21 04:06:18'),
(256, '6717', '$2y$10$jAzuJa0MXk5kIO1EfDUVJOWWNqZK2r6mq/8LvSd/ZFdYI.GNMAawW', 'siswa', 239, 1, 1, '2025-12-21 04:06:18'),
(257, '6721', '$2y$10$jAzuJa0MXk5kIO1EfDUVJOWWNqZK2r6mq/8LvSd/ZFdYI.GNMAawW', 'siswa', 240, 1, 1, '2025-12-21 04:06:18'),
(258, '6881', '$2y$10$jAzuJa0MXk5kIO1EfDUVJOWWNqZK2r6mq/8LvSd/ZFdYI.GNMAawW', 'siswa', 241, 1, 1, '2025-12-21 04:06:18'),
(259, '6732', '$2y$10$jAzuJa0MXk5kIO1EfDUVJOWWNqZK2r6mq/8LvSd/ZFdYI.GNMAawW', 'siswa', 242, 1, 1, '2025-12-21 04:06:18'),
(260, '6734', '$2y$10$jAzuJa0MXk5kIO1EfDUVJOWWNqZK2r6mq/8LvSd/ZFdYI.GNMAawW', 'siswa', 243, 1, 1, '2025-12-21 04:06:18'),
(261, '6737', '$2y$10$jAzuJa0MXk5kIO1EfDUVJOWWNqZK2r6mq/8LvSd/ZFdYI.GNMAawW', 'siswa', 244, 1, 1, '2025-12-21 04:06:18'),
(262, '6740', '$2y$10$jAzuJa0MXk5kIO1EfDUVJOWWNqZK2r6mq/8LvSd/ZFdYI.GNMAawW', 'siswa', 245, 1, 1, '2025-12-21 04:06:18'),
(263, '6803', '$2y$10$jAzuJa0MXk5kIO1EfDUVJOWWNqZK2r6mq/8LvSd/ZFdYI.GNMAawW', 'siswa', 246, 1, 1, '2025-12-21 04:06:18'),
(264, '6749', '$2y$10$jAzuJa0MXk5kIO1EfDUVJOWWNqZK2r6mq/8LvSd/ZFdYI.GNMAawW', 'siswa', 247, 1, 1, '2025-12-21 04:06:18'),
(265, '6753', '$2y$10$jAzuJa0MXk5kIO1EfDUVJOWWNqZK2r6mq/8LvSd/ZFdYI.GNMAawW', 'siswa', 248, 1, 1, '2025-12-21 04:06:18'),
(266, '6755', '$2y$10$jAzuJa0MXk5kIO1EfDUVJOWWNqZK2r6mq/8LvSd/ZFdYI.GNMAawW', 'siswa', 249, 1, 1, '2025-12-21 04:06:18'),
(267, '6759', '$2y$10$jAzuJa0MXk5kIO1EfDUVJOWWNqZK2r6mq/8LvSd/ZFdYI.GNMAawW', 'siswa', 250, 1, 1, '2025-12-21 04:06:18'),
(268, '6761', '$2y$10$jAzuJa0MXk5kIO1EfDUVJOWWNqZK2r6mq/8LvSd/ZFdYI.GNMAawW', 'siswa', 251, 1, 1, '2025-12-21 04:06:18'),
(269, '6765', '$2y$10$jAzuJa0MXk5kIO1EfDUVJOWWNqZK2r6mq/8LvSd/ZFdYI.GNMAawW', 'siswa', 252, 1, 1, '2025-12-21 04:06:18'),
(270, '6767', '$2y$10$jAzuJa0MXk5kIO1EfDUVJOWWNqZK2r6mq/8LvSd/ZFdYI.GNMAawW', 'siswa', 253, 1, 1, '2025-12-21 04:06:18'),
(271, '6772', '$2y$10$jAzuJa0MXk5kIO1EfDUVJOWWNqZK2r6mq/8LvSd/ZFdYI.GNMAawW', 'siswa', 254, 1, 1, '2025-12-21 04:06:18'),
(272, '6776', '$2y$10$jAzuJa0MXk5kIO1EfDUVJOWWNqZK2r6mq/8LvSd/ZFdYI.GNMAawW', 'siswa', 255, 1, 1, '2025-12-21 04:06:18'),
(273, '6779', '$2y$10$jAzuJa0MXk5kIO1EfDUVJOWWNqZK2r6mq/8LvSd/ZFdYI.GNMAawW', 'siswa', 256, 1, 1, '2025-12-21 04:06:18'),
(274, '6781', '$2y$10$jAzuJa0MXk5kIO1EfDUVJOWWNqZK2r6mq/8LvSd/ZFdYI.GNMAawW', 'siswa', 257, 1, 1, '2025-12-21 04:06:18'),
(275, '6783', '$2y$10$jAzuJa0MXk5kIO1EfDUVJOWWNqZK2r6mq/8LvSd/ZFdYI.GNMAawW', 'siswa', 258, 1, 1, '2025-12-21 04:06:18'),
(276, '6784', '$2y$10$jAzuJa0MXk5kIO1EfDUVJOWWNqZK2r6mq/8LvSd/ZFdYI.GNMAawW', 'siswa', 259, 1, 1, '2025-12-21 04:06:18'),
(277, '6787', '$2y$10$jAzuJa0MXk5kIO1EfDUVJOWWNqZK2r6mq/8LvSd/ZFdYI.GNMAawW', 'siswa', 260, 1, 1, '2025-12-21 04:06:18'),
(278, '6788', '$2y$10$jAzuJa0MXk5kIO1EfDUVJOWWNqZK2r6mq/8LvSd/ZFdYI.GNMAawW', 'siswa', 261, 1, 1, '2025-12-21 04:06:18'),
(279, '6792', '$2y$10$jAzuJa0MXk5kIO1EfDUVJOWWNqZK2r6mq/8LvSd/ZFdYI.GNMAawW', 'siswa', 262, 1, 1, '2025-12-21 04:06:18'),
(280, '6793', '$2y$10$jAzuJa0MXk5kIO1EfDUVJOWWNqZK2r6mq/8LvSd/ZFdYI.GNMAawW', 'siswa', 263, 1, 1, '2025-12-21 04:06:18'),
(281, '6795', '$2y$10$jAzuJa0MXk5kIO1EfDUVJOWWNqZK2r6mq/8LvSd/ZFdYI.GNMAawW', 'siswa', 264, 1, 1, '2025-12-21 04:06:18'),
(282, '6711', '$2y$10$jAzuJa0MXk5kIO1EfDUVJOWWNqZK2r6mq/8LvSd/ZFdYI.GNMAawW', 'siswa', 265, 1, 1, '2025-12-21 04:06:18'),
(283, '6715', '$2y$10$jAzuJa0MXk5kIO1EfDUVJOWWNqZK2r6mq/8LvSd/ZFdYI.GNMAawW', 'siswa', 266, 1, 1, '2025-12-21 04:06:18'),
(284, '6720', '$2y$10$jAzuJa0MXk5kIO1EfDUVJOWWNqZK2r6mq/8LvSd/ZFdYI.GNMAawW', 'siswa', 267, 1, 1, '2025-12-21 04:06:18'),
(285, '6723', '$2y$10$jAzuJa0MXk5kIO1EfDUVJOWWNqZK2r6mq/8LvSd/ZFdYI.GNMAawW', 'siswa', 268, 1, 1, '2025-12-21 04:06:18'),
(286, '6726', '$2y$10$jAzuJa0MXk5kIO1EfDUVJOWWNqZK2r6mq/8LvSd/ZFdYI.GNMAawW', 'siswa', 269, 1, 1, '2025-12-21 04:06:18'),
(287, '6728', '$2y$10$jAzuJa0MXk5kIO1EfDUVJOWWNqZK2r6mq/8LvSd/ZFdYI.GNMAawW', 'siswa', 270, 1, 1, '2025-12-21 04:06:18'),
(288, '6729', '$2y$10$jAzuJa0MXk5kIO1EfDUVJOWWNqZK2r6mq/8LvSd/ZFdYI.GNMAawW', 'siswa', 271, 1, 1, '2025-12-21 04:06:18'),
(289, '6731', '$2y$10$jAzuJa0MXk5kIO1EfDUVJOWWNqZK2r6mq/8LvSd/ZFdYI.GNMAawW', 'siswa', 272, 1, 1, '2025-12-21 04:06:18'),
(290, '6733', '$2y$10$jAzuJa0MXk5kIO1EfDUVJOWWNqZK2r6mq/8LvSd/ZFdYI.GNMAawW', 'siswa', 273, 1, 1, '2025-12-21 04:06:18'),
(291, '6735', '$2y$10$jAzuJa0MXk5kIO1EfDUVJOWWNqZK2r6mq/8LvSd/ZFdYI.GNMAawW', 'siswa', 274, 1, 1, '2025-12-21 04:06:18'),
(292, '6741', '$2y$10$jAzuJa0MXk5kIO1EfDUVJOWWNqZK2r6mq/8LvSd/ZFdYI.GNMAawW', 'siswa', 275, 1, 1, '2025-12-21 04:06:18'),
(293, '6745', '$2y$10$jAzuJa0MXk5kIO1EfDUVJOWWNqZK2r6mq/8LvSd/ZFdYI.GNMAawW', 'siswa', 276, 1, 1, '2025-12-21 04:06:18'),
(294, '6746', '$2y$10$jAzuJa0MXk5kIO1EfDUVJOWWNqZK2r6mq/8LvSd/ZFdYI.GNMAawW', 'siswa', 277, 1, 1, '2025-12-21 04:06:18'),
(295, '6752', '$2y$10$jAzuJa0MXk5kIO1EfDUVJOWWNqZK2r6mq/8LvSd/ZFdYI.GNMAawW', 'siswa', 278, 1, 1, '2025-12-21 04:06:18'),
(296, '7021', '$2y$10$jAzuJa0MXk5kIO1EfDUVJOWWNqZK2r6mq/8LvSd/ZFdYI.GNMAawW', 'siswa', 279, 1, 1, '2025-12-21 04:06:18'),
(297, '6754', '$2y$10$jAzuJa0MXk5kIO1EfDUVJOWWNqZK2r6mq/8LvSd/ZFdYI.GNMAawW', 'siswa', 280, 1, 1, '2025-12-21 04:06:18'),
(298, '6756', '$2y$10$jAzuJa0MXk5kIO1EfDUVJOWWNqZK2r6mq/8LvSd/ZFdYI.GNMAawW', 'siswa', 281, 1, 1, '2025-12-21 04:06:18'),
(299, '6758', '$2y$10$jAzuJa0MXk5kIO1EfDUVJOWWNqZK2r6mq/8LvSd/ZFdYI.GNMAawW', 'siswa', 282, 1, 1, '2025-12-21 04:06:18'),
(300, '6760', '$2y$10$jAzuJa0MXk5kIO1EfDUVJOWWNqZK2r6mq/8LvSd/ZFdYI.GNMAawW', 'siswa', 283, 1, 1, '2025-12-21 04:06:18'),
(301, '6763', '$2y$10$jAzuJa0MXk5kIO1EfDUVJOWWNqZK2r6mq/8LvSd/ZFdYI.GNMAawW', 'siswa', 284, 1, 1, '2025-12-21 04:06:18'),
(302, '6766', '$2y$10$jAzuJa0MXk5kIO1EfDUVJOWWNqZK2r6mq/8LvSd/ZFdYI.GNMAawW', 'siswa', 285, 1, 1, '2025-12-21 04:06:18'),
(303, '6769', '$2y$10$jAzuJa0MXk5kIO1EfDUVJOWWNqZK2r6mq/8LvSd/ZFdYI.GNMAawW', 'siswa', 286, 1, 1, '2025-12-21 04:06:18'),
(304, '6774', '$2y$10$jAzuJa0MXk5kIO1EfDUVJOWWNqZK2r6mq/8LvSd/ZFdYI.GNMAawW', 'siswa', 287, 1, 1, '2025-12-21 04:06:18'),
(305, '6777', '$2y$10$jAzuJa0MXk5kIO1EfDUVJOWWNqZK2r6mq/8LvSd/ZFdYI.GNMAawW', 'siswa', 288, 1, 1, '2025-12-21 04:06:18'),
(306, '6780', '$2y$10$jAzuJa0MXk5kIO1EfDUVJOWWNqZK2r6mq/8LvSd/ZFdYI.GNMAawW', 'siswa', 289, 1, 1, '2025-12-21 04:06:18'),
(307, '6782', '$2y$10$jAzuJa0MXk5kIO1EfDUVJOWWNqZK2r6mq/8LvSd/ZFdYI.GNMAawW', 'siswa', 290, 1, 1, '2025-12-21 04:06:18'),
(308, '6786', '$2y$10$jAzuJa0MXk5kIO1EfDUVJOWWNqZK2r6mq/8LvSd/ZFdYI.GNMAawW', 'siswa', 291, 1, 1, '2025-12-21 04:06:18'),
(309, '6790', '$2y$10$jAzuJa0MXk5kIO1EfDUVJOWWNqZK2r6mq/8LvSd/ZFdYI.GNMAawW', 'siswa', 292, 1, 1, '2025-12-21 04:06:18'),
(310, '6794', '$2y$10$jAzuJa0MXk5kIO1EfDUVJOWWNqZK2r6mq/8LvSd/ZFdYI.GNMAawW', 'siswa', 293, 1, 1, '2025-12-21 04:06:18'),
(311, '6796', '$2y$10$jAzuJa0MXk5kIO1EfDUVJOWWNqZK2r6mq/8LvSd/ZFdYI.GNMAawW', 'siswa', 294, 1, 1, '2025-12-21 04:06:18'),
(312, 'adminsmp', '$2y$10$jxLg/EbGpF2JLD1bBsYbo.NWL2eJWndgSp1MXzJfXXu6yKtmI9C8O', 'admin_sekolah', NULL, 1, 0, '2025-12-21 04:06:18'),
(313, 'kepsek', '$2y$10$faoMWXC06Q9.mY1sYlCtP.jMy67ez3w/X.uMccdrehl73B91NrZvG', 'kepala_sekolah', NULL, 1, 0, '2025-12-21 04:06:18');

--
-- Indexes for dumped tables
--

--
-- Indexes for table `aspek_penilaian`
--
ALTER TABLE `aspek_penilaian`
  ADD PRIMARY KEY (`id`);

--
-- Indexes for table `guru`
--
ALTER TABLE `guru`
  ADD PRIMARY KEY (`id`),
  ADD UNIQUE KEY `nip` (`nip`),
  ADD KEY `user_id` (`user_id`);

--
-- Indexes for table `kelas`
--
ALTER TABLE `kelas`
  ADD PRIMARY KEY (`id`),
  ADD KEY `unit_sekolah_id` (`unit_sekolah_id`);

--
-- Indexes for table `mata_pelajaran`
--
ALTER TABLE `mata_pelajaran`
  ADD PRIMARY KEY (`id`);

--
-- Indexes for table `penugasan`
--
ALTER TABLE `penugasan`
  ADD PRIMARY KEY (`id`),
  ADD UNIQUE KEY `unique_penugasan` (`guru_id`,`kelas_id`,`mata_pelajaran_id`,`semester`),
  ADD KEY `kelas_id` (`kelas_id`),
  ADD KEY `mata_pelajaran_id` (`mata_pelajaran_id`);

--
-- Indexes for table `pertanyaan_survey`
--
ALTER TABLE `pertanyaan_survey`
  ADD PRIMARY KEY (`id`),
  ADD KEY `aspek_id` (`aspek_id`);

--
-- Indexes for table `semester`
--
ALTER TABLE `semester`
  ADD PRIMARY KEY (`id`),
  ADD UNIQUE KEY `kode_semester` (`kode_semester`);

--
-- Indexes for table `siswa`
--
ALTER TABLE `siswa`
  ADD PRIMARY KEY (`id`),
  ADD UNIQUE KEY `nis` (`nis`),
  ADD KEY `kelas_id` (`kelas_id`),
  ADD KEY `user_id` (`user_id`);

--
-- Indexes for table `survey_detail`
--
ALTER TABLE `survey_detail`
  ADD PRIMARY KEY (`id`),
  ADD KEY `survey_response_id` (`survey_response_id`),
  ADD KEY `pertanyaan_id` (`pertanyaan_id`);

--
-- Indexes for table `survey_response`
--
ALTER TABLE `survey_response`
  ADD PRIMARY KEY (`id`),
  ADD UNIQUE KEY `unique_survey` (`siswa_id`,`guru_id`,`semester`),
  ADD KEY `guru_id` (`guru_id`);

--
-- Indexes for table `unit_sekolah`
--
ALTER TABLE `unit_sekolah`
  ADD PRIMARY KEY (`id`);

--
-- Indexes for table `users`
--
ALTER TABLE `users`
  ADD PRIMARY KEY (`id`),
  ADD UNIQUE KEY `username` (`username`),
  ADD KEY `unit_sekolah_id` (`unit_sekolah_id`);

--
-- AUTO_INCREMENT for dumped tables
--

--
-- AUTO_INCREMENT for table `aspek_penilaian`
--
ALTER TABLE `aspek_penilaian`
  MODIFY `id` int(11) NOT NULL AUTO_INCREMENT, AUTO_INCREMENT=6;

--
-- AUTO_INCREMENT for table `guru`
--
ALTER TABLE `guru`
  MODIFY `id` int(11) NOT NULL AUTO_INCREMENT, AUTO_INCREMENT=18;

--
-- AUTO_INCREMENT for table `kelas`
--
ALTER TABLE `kelas`
  MODIFY `id` int(11) NOT NULL AUTO_INCREMENT, AUTO_INCREMENT=11;

--
-- AUTO_INCREMENT for table `mata_pelajaran`
--
ALTER TABLE `mata_pelajaran`
  MODIFY `id` int(11) NOT NULL AUTO_INCREMENT, AUTO_INCREMENT=12;

--
-- AUTO_INCREMENT for table `penugasan`
--
ALTER TABLE `penugasan`
  MODIFY `id` int(11) NOT NULL AUTO_INCREMENT, AUTO_INCREMENT=123;

--
-- AUTO_INCREMENT for table `pertanyaan_survey`
--
ALTER TABLE `pertanyaan_survey`
  MODIFY `id` int(11) NOT NULL AUTO_INCREMENT, AUTO_INCREMENT=52;

--
-- AUTO_INCREMENT for table `semester`
--
ALTER TABLE `semester`
  MODIFY `id` int(11) NOT NULL AUTO_INCREMENT, AUTO_INCREMENT=4;

--
-- AUTO_INCREMENT for table `siswa`
--
ALTER TABLE `siswa`
  MODIFY `id` int(11) NOT NULL AUTO_INCREMENT, AUTO_INCREMENT=295;

--
-- AUTO_INCREMENT for table `survey_detail`
--
ALTER TABLE `survey_detail`
  MODIFY `id` int(11) NOT NULL AUTO_INCREMENT, AUTO_INCREMENT=3401;

--
-- AUTO_INCREMENT for table `survey_response`
--
ALTER TABLE `survey_response`
  MODIFY `id` int(11) NOT NULL AUTO_INCREMENT, AUTO_INCREMENT=81;

--
-- AUTO_INCREMENT for table `unit_sekolah`
--
ALTER TABLE `unit_sekolah`
  MODIFY `id` int(11) NOT NULL AUTO_INCREMENT, AUTO_INCREMENT=2;

--
-- AUTO_INCREMENT for table `users`
--
ALTER TABLE `users`
  MODIFY `id` int(11) NOT NULL AUTO_INCREMENT, AUTO_INCREMENT=314;

--
-- Constraints for dumped tables
--

--
-- Constraints for table `guru`
--
ALTER TABLE `guru`
  ADD CONSTRAINT `guru_ibfk_1` FOREIGN KEY (`user_id`) REFERENCES `users` (`id`) ON DELETE SET NULL;

--
-- Constraints for table `kelas`
--
ALTER TABLE `kelas`
  ADD CONSTRAINT `kelas_ibfk_1` FOREIGN KEY (`unit_sekolah_id`) REFERENCES `unit_sekolah` (`id`) ON DELETE CASCADE;

--
-- Constraints for table `penugasan`
--
ALTER TABLE `penugasan`
  ADD CONSTRAINT `penugasan_ibfk_1` FOREIGN KEY (`guru_id`) REFERENCES `guru` (`id`) ON DELETE CASCADE,
  ADD CONSTRAINT `penugasan_ibfk_2` FOREIGN KEY (`kelas_id`) REFERENCES `kelas` (`id`) ON DELETE CASCADE,
  ADD CONSTRAINT `penugasan_ibfk_3` FOREIGN KEY (`mata_pelajaran_id`) REFERENCES `mata_pelajaran` (`id`) ON DELETE CASCADE;

--
-- Constraints for table `pertanyaan_survey`
--
ALTER TABLE `pertanyaan_survey`
  ADD CONSTRAINT `pertanyaan_survey_ibfk_1` FOREIGN KEY (`aspek_id`) REFERENCES `aspek_penilaian` (`id`) ON DELETE CASCADE;

--
-- Constraints for table `siswa`
--
ALTER TABLE `siswa`
  ADD CONSTRAINT `siswa_ibfk_1` FOREIGN KEY (`kelas_id`) REFERENCES `kelas` (`id`) ON DELETE CASCADE,
  ADD CONSTRAINT `siswa_ibfk_2` FOREIGN KEY (`user_id`) REFERENCES `users` (`id`) ON DELETE SET NULL;

--
-- Constraints for table `survey_detail`
--
ALTER TABLE `survey_detail`
  ADD CONSTRAINT `survey_detail_ibfk_1` FOREIGN KEY (`survey_response_id`) REFERENCES `survey_response` (`id`) ON DELETE CASCADE,
  ADD CONSTRAINT `survey_detail_ibfk_2` FOREIGN KEY (`pertanyaan_id`) REFERENCES `pertanyaan_survey` (`id`) ON DELETE CASCADE;

--
-- Constraints for table `survey_response`
--
ALTER TABLE `survey_response`
  ADD CONSTRAINT `survey_response_ibfk_1` FOREIGN KEY (`siswa_id`) REFERENCES `siswa` (`id`) ON DELETE CASCADE,
  ADD CONSTRAINT `survey_response_ibfk_2` FOREIGN KEY (`guru_id`) REFERENCES `guru` (`id`) ON DELETE CASCADE;

--
-- Constraints for table `users`
--
ALTER TABLE `users`
  ADD CONSTRAINT `users_ibfk_1` FOREIGN KEY (`unit_sekolah_id`) REFERENCES `unit_sekolah` (`id`) ON DELETE SET NULL;
COMMIT;

/*!40101 SET CHARACTER_SET_CLIENT=@OLD_CHARACTER_SET_CLIENT */;
/*!40101 SET CHARACTER_SET_RESULTS=@OLD_CHARACTER_SET_RESULTS */;
/*!40101 SET COLLATION_CONNECTION=@OLD_COLLATION_CONNECTION */;
